query,prot_pdb,p_val,rmsd,identity,similarity,score,afp,proteome,TM1,TM2,RMSD,ID1,ID2,IDali,L1,L2,Lali
1oe6B.pdb,2nawA.pdb,0.48,1.19,0.1176,0.2353,47.48,2486.0,test_proteome_1,0.1178,0.4394,2.37,0.012,0.077,0.091,245.0,39.0,33.0
1oe6B.pdb,2wawA.pdb,0.479,3.34,0.057,0.1606,97.32,14541.0,test_proteome_1,0.2691,0.3134,5.86,0.02,0.025,0.045,245.0,197.0,110.0
1oe6B.pdb,6gawAg.pdb,0.139,2.72,0.06269999999999999,0.1353,173.31,28782.0,test_proteome_1,0.3148,0.2418,6.22,0.045,0.031,0.081,245.0,353.0,135.0
1oe6B.pdb,7eawA5.pdb,0.571,3.5,0.025,0.2,60.6,4764.0,test_proteome_1,0.1463,0.3726,4.4,0.0,0.0,0.0,245.0,62.0,50.0
1oe6B.pdb,1mawA.pdb,0.223,4.75,0.051399999999999994,0.12390000000000001,178.93,28473.0,test_proteome_1,0.3355,0.2702,5.6,0.049,0.037,0.092,245.0,326.0,131.0
1oe6B.pdb,3gawA14.pdb,0.837,1.4,0.05,0.1,32.36,3305.0,test_proteome_1,0.13,0.3039,4.79,0.008,0.032,0.042,245.0,62.0,48.0
1oe6B.pdb,7aawA2.pdb,0.188,1.4,0.0508,0.0964,106.86,12754.0,test_proteome_1,0.3021,0.3639,4.99,0.045,0.058,0.099,245.0,190.0,111.0
1oe6B.pdb,3gawA5.pdb,0.956,3.02,0.0179,0.035699999999999996,24.93,2909.0,test_proteome_1,0.1233,0.3033,4.76,0.004,0.018,0.022,245.0,57.0,45.0
1oe6B.pdb,3gawA11.pdb,0.948,3.39,0.129,0.2903,33.1,2879.0,test_proteome_1,0.1161,0.2857,4.59,0.008,0.033,0.049,245.0,60.0,41.0
1oe6B.pdb,3cawA.pdb,0.339,5.47,0.039599999999999996,0.1023,139.95,23829.0,test_proteome_1,0.2549,0.2147,6.11,0.037,0.028,0.08,245.0,316.0,113.0
1oe6B.pdb,6gawAo.pdb,0.282,3.6,0.041299999999999996,0.1117,191.54,53039.0,test_proteome_1,0.2433,0.1339,6.8,0.049,0.021,0.103,245.0,572.0,116.0
1oe6B.pdb,3fawA1.pdb,0.829,3.16,0.0349,0.1512,46.97,4030.0,test_proteome_1,0.1214,0.2532,4.51,0.008,0.025,0.047,245.0,80.0,43.0
1oe6B.pdb,7eawA1.pdb,0.48,2.85,0.030600000000000002,0.0816,72.64,6412.0,test_proteome_1,0.1712,0.3708,4.34,0.016,0.053,0.068,245.0,76.0,59.0
1oe6B.pdb,2dawA.pdb,0.102,2.83,0.0341,0.122,122.3,12259.0,test_proteome_1,0.242,0.3402,4.71,0.033,0.052,0.092,245.0,154.0,87.0
1oe6B.pdb,7dawA.pdb,0.181,3.31,0.0441,0.122,151.92,18837.0,test_proteome_1,0.3198,0.2999,5.71,0.041,0.037,0.08,245.0,267.0,125.0
1oe6B.pdb,6gawAh.pdb,0.223,1.78,0.0106,0.08470000000000001,97.04,10741.0,test_proteome_1,0.1666,0.2867,4.09,0.024,0.05,0.109,245.0,120.0,55.0
1oe6B.pdb,5cawA.pdb,0.609,2.3,0.0638,0.1649,86.57,18318.0,test_proteome_1,0.2649,0.2312,6.18,0.02,0.017,0.043,245.0,298.0,115.0
1oe6B.pdb,7rawA.pdb,0.696,3.0,0.050199999999999995,0.1423,84.05,16175.0,test_proteome_1,0.2686,0.2768,5.64,0.016,0.017,0.037,245.0,235.0,109.0
1oe6B.pdb,6gawAp.pdb,0.566,3.07,0.0443,0.1527,83.84,13868.0,test_proteome_1,0.215,0.2579,5.25,0.02,0.026,0.061,245.0,190.0,82.0
1oe6B.pdb,3cawA1.pdb,0.351,2.93,0.08,0.168,105.46,13082.0,test_proteome_1,0.2589,0.3057,5.55,0.037,0.047,0.087,245.0,193.0,104.0
1oe6B.pdb,3gawA1.pdb,0.942,3.73,0.0,0.0758,28.23,3728.0,test_proteome_1,0.1245,0.2939,4.51,0.004,0.016,0.023,245.0,63.0,44.0
1oe6B.pdb,7aawA.pdb,0.557,2.51,0.029300000000000003,0.0806,103.83,21607.0,test_proteome_1,0.3014,0.2496,5.21,0.053,0.041,0.113,245.0,315.0,115.0
1oe6B.pdb,3fawA4.pdb,0.321,3.31,0.0622,0.1675,156.94,37103.0,test_proteome_1,0.3851,0.2367,5.77,0.053,0.027,0.081,245.0,475.0,161.0
1oe6B.pdb,3gawA3.pdb,0.967,3.1,0.0294,0.0882,31.76,6598.0,test_proteome_1,0.1529,0.242,5.72,0.008,0.017,0.032,245.0,121.0,63.0
1oe6B.pdb,6gawAe.pdb,0.384,5.53,0.0637,0.1873,179.35,37022.0,test_proteome_1,0.2437,0.1772,6.47,0.012,0.008,0.027,245.0,388.0,111.0
1oe6B.pdb,4qawA1.pdb,0.219,2.88,0.037599999999999995,0.1191,153.37,28176.0,test_proteome_1,0.297,0.2059,5.21,0.024,0.015,0.053,245.0,394.0,113.0
1oe6B.pdb,6dawA.pdb,0.482,5.41,0.0403,0.11410000000000001,135.65,25471.0,test_proteome_1,0.2767,0.2213,6.38,0.041,0.029,0.079,245.0,342.0,127.0
1oe6B.pdb,7eawA.pdb,0.364,3.27,0.0417,0.10679999999999999,174.56,47777.0,test_proteome_1,0.2889,0.1613,6.64,0.045,0.02,0.081,245.0,560.0,136.0
1oe6B.pdb,6oawA2.pdb,0.441,1.97,0.048,0.128,67.47,6645.0,test_proteome_1,0.1905,0.4156,4.02,0.02,0.059,0.081,245.0,85.0,62.0
1oe6B.pdb,3gawA15.pdb,0.953,3.06,0.0,0.15,32.03,2864.0,test_proteome_1,0.1226,0.3546,4.19,0.004,0.017,0.025,245.0,59.0,40.0
1oe6B.pdb,5cawA1.pdb,0.972,3.41,0.0373,0.12689999999999999,34.9,7727.0,test_proteome_1,0.1743,0.2485,5.91,0.016,0.029,0.053,245.0,139.0,75.0
1oe6B.pdb,7eawA4.pdb,0.0686,1.81,0.0591,0.11359999999999999,126.76,12163.0,test_proteome_1,0.2354,0.322,5.48,0.008,0.013,0.022,245.0,156.0,92.0
1oe6B.pdb,6gawAC.pdb,0.286,2.85,0.028300000000000002,0.0755,96.97,10103.0,test_proteome_1,0.2275,0.3515,4.98,0.008,0.015,0.024,245.0,132.0,85.0
1oe6B.pdb,3fawA3.pdb,0.925,3.98,0.04,0.1467,36.07,5290.0,test_proteome_1,0.1547,0.2872,4.76,0.0,0.0,0.0,245.0,95.0,57.0
1oe6B.pdb,2vawA.pdb,0.15,3.09,0.0676,0.16219999999999998,163.59,26023.0,test_proteome_1,0.295,0.247,6.28,0.037,0.029,0.07,245.0,315.0,128.0
1oe6B.pdb,7wawA2.pdb,0.0451,3.03,0.060599999999999994,0.12119999999999999,181.19,20636.0,test_proteome_1,0.2576,0.2786,6.37,0.053,0.06,0.114,245.0,218.0,114.0
1oe6B.pdb,7rawA1.pdb,0.928,3.13,0.0797,0.2029,37.25,9306.0,test_proteome_1,0.264,0.3492,5.85,0.029,0.044,0.062,245.0,158.0,112.0
1oe6B.pdb,1uawA.pdb,0.722,2.79,0.0704,0.2535,49.79,4995.0,test_proteome_1,0.1852,0.4191,4.26,0.016,0.052,0.063,245.0,77.0,63.0
1oe6B.pdb,3nawA3.pdb,0.111,2.77,0.0719,0.1727,131.55,17668.0,test_proteome_1,0.2673,0.2941,5.25,0.02,0.023,0.05,245.0,215.0,101.0
1oe6B.pdb,6rawA2.pdb,0.099,4.15,0.0346,0.1124,198.89,28832.0,test_proteome_1,0.2533,0.1991,6.48,0.016,0.012,0.035,245.0,345.0,114.0
1oe6B.pdb,3aawA1.pdb,0.148,3.42,0.0602,0.1435,153.43,16305.0,test_proteome_1,0.2955,0.3167,6.06,0.029,0.032,0.055,245.0,221.0,127.0
1oe6B.pdb,3cawA2.pdb,0.254,3.08,0.0702,0.16670000000000001,83.07,10228.0,test_proteome_1,0.2272,0.3627,5.05,0.012,0.024,0.035,245.0,123.0,85.0
1oe6B.pdb,6hawA2.pdb,0.219,2.16,0.0213,0.0766,123.74,16809.0,test_proteome_1,0.2391,0.2598,5.69,0.02,0.023,0.053,245.0,218.0,95.0
1oe6B.pdb,3gawA7.pdb,0.975,3.47,0.042300000000000004,0.1268,27.85,3006.0,test_proteome_1,0.1425,0.3423,4.3,0.008,0.032,0.041,245.0,63.0,49.0
1oe6B.pdb,6hawA1.pdb,0.576,5.03,0.0336,0.0966,123.63,17483.0,test_proteome_1,0.2842,0.3061,5.88,0.024,0.027,0.051,245.0,220.0,118.0
1oe6B.pdb,6oawA1.pdb,0.36,4.38,0.0209,0.10039999999999999,121.32,13627.0,test_proteome_1,0.2031,0.2722,5.58,0.02,0.03,0.065,245.0,166.0,77.0
1oe6B.pdb,3gawA.pdb,0.999,3.33,0.0227,0.056799999999999996,42.18,71759.0,test_proteome_1,0.1646,0.0483,6.54,0.016,0.003,0.053,245.0,1213.0,75.0
1oe6B.pdb,3gawA13.pdb,0.967,4.06,0.0,0.1333,30.61,2957.0,test_proteome_1,0.1406,0.347,4.31,0.016,0.068,0.083,245.0,59.0,48.0
1oe6B.pdb,1iawA.pdb,0.394,3.25,0.07629999999999999,0.1374,108.22,21895.0,test_proteome_1,0.287,0.2464,5.89,0.024,0.02,0.05,245.0,304.0,121.0
1oe6B.pdb,6oawA.pdb,0.477,5.28,0.0241,0.10460000000000001,146.54,30734.0,test_proteome_1,0.2739,0.2018,6.55,0.029,0.018,0.056,245.0,379.0,124.0
1oe6B.pdb,6kawA1.pdb,0.987,4.0,0.0409,0.1462,36.25,11201.0,test_proteome_1,0.2564,0.2777,6.09,0.033,0.037,0.072,245.0,217.0,111.0
1oe6B.pdb,6gawAG.pdb,0.348,5.15,0.0564,0.1316,140.06,17711.0,test_proteome_1,0.2369,0.2646,5.92,0.037,0.043,0.089,245.0,208.0,101.0
1oe6B.pdb,7rawA2.pdb,0.732,4.7,0.0526,0.1447,73.66,7216.0,test_proteome_1,0.1492,0.3316,3.76,0.004,0.013,0.02,245.0,77.0,49.0
1oe6B.pdb,1mawA2.pdb,0.253,4.87,0.0526,0.1531,139.24,12727.0,test_proteome_1,0.1849,0.2707,5.41,0.008,0.014,0.028,245.0,144.0,71.0
1oe6B.pdb,2vawA2.pdb,0.127,3.28,0.0342,0.11539999999999999,138.12,15544.0,test_proteome_1,0.2938,0.3519,6.45,0.033,0.043,0.062,245.0,187.0,130.0
1oe6B.pdb,3nawA1.pdb,0.8,3.04,0.0254,0.1017,68.24,16473.0,test_proteome_1,0.2175,0.2394,5.27,0.024,0.028,0.072,245.0,215.0,83.0
1oe6B.pdb,3gawA2.pdb,0.913,3.42,0.054900000000000004,0.1099,29.96,3334.0,test_proteome_1,0.1118,0.2777,4.65,0.012,0.048,0.075,245.0,62.0,40.0
1oe6B.pdb,6xawA.pdb,0.316,2.35,0.024,0.12,83.83,6687.0,test_proteome_1,0.1973,0.5099,3.88,0.012,0.043,0.048,245.0,69.0,63.0
1oe6B.pdb,3gawA6.pdb,0.929,2.84,0.047599999999999996,0.10710000000000001,42.18,7373.0,test_proteome_1,0.1997,0.3169,4.81,0.02,0.04,0.068,245.0,125.0,73.0
1oe6B.pdb,3gawA16.pdb,0.962,3.13,0.0345,0.10339999999999999,30.19,6068.0,test_proteome_1,0.1568,0.259,5.54,0.016,0.034,0.065,245.0,117.0,62.0
1oe6B.pdb,1iawA2.pdb,0.689,2.25,0.08929999999999999,0.2054,64.65,8327.0,test_proteome_1,0.19,0.3098,5.0,0.016,0.033,0.056,245.0,120.0,71.0
1oe6B.pdb,1mawA1.pdb,0.0916,3.6,0.0508,0.1229,144.2,15961.0,test_proteome_1,0.3345,0.4228,3.97,0.037,0.049,0.082,245.0,182.0,110.0
1oe6B.pdb,4pawA.pdb,0.199,3.21,0.049,0.098,128.39,13404.0,test_proteome_1,0.2851,0.3352,4.73,0.037,0.046,0.087,245.0,197.0,103.0
1oe6B.pdb,3gawA4.pdb,0.945,3.5,0.0435,0.1449,33.67,2897.0,test_proteome_1,0.1168,0.3077,3.88,0.008,0.036,0.053,245.0,56.0,38.0
1oe6B.pdb,7eawA3.pdb,0.591,4.95,0.0833,0.1515,97.47,10936.0,test_proteome_1,0.2445,0.3678,5.49,0.02,0.038,0.051,245.0,131.0,98.0
1oe6B.pdb,7wawA1.pdb,0.236,4.36,0.0301,0.09359999999999999,176.19,26784.0,test_proteome_1,0.3068,0.2798,5.33,0.016,0.014,0.033,245.0,278.0,120.0
1oe6B.pdb,5cawA2.pdb,0.312,2.45,0.0603,0.1466,85.65,10491.0,test_proteome_1,0.1761,0.2367,5.44,0.029,0.044,0.1,245.0,159.0,70.0
1oe6B.pdb,6gawAE.pdb,0.679,3.56,0.0385,0.0801,119.16,23001.0,test_proteome_1,0.2547,0.2,5.52,0.004,0.003,0.01,245.0,343.0,104.0
1oe6B.pdb,7eawA2.pdb,0.0559,1.55,0.07690000000000001,0.2596,125.76,10663.0,test_proteome_1,0.2227,0.3345,5.06,0.02,0.037,0.06,245.0,135.0,84.0
1oe6B.pdb,3gawA10.pdb,0.932,3.57,0.028399999999999998,0.0496,35.71,7168.0,test_proteome_1,0.1553,0.2418,5.23,0.016,0.032,0.067,245.0,126.0,60.0
1oe6B.pdb,3fawA.pdb,0.611,3.31,0.0622,0.1675,156.94,57002.0,test_proteome_1,0.4065,0.1713,6.1,0.041,0.013,0.056,245.0,775.0,178.0
1oe6B.pdb,3aawA2.pdb,0.347,3.89,0.024399999999999998,0.061,81.19,5602.0,test_proteome_1,0.1857,0.406,4.44,0.02,0.062,0.078,245.0,81.0,64.0
1oe6B.pdb,3nawA2.pdb,0.248,4.56,0.0579,0.14880000000000002,134.13,15416.0,test_proteome_1,0.235,0.2942,5.95,0.029,0.04,0.071,245.0,177.0,99.0
1oe6B.pdb,3fawA2.pdb,0.933,3.2,0.0588,0.1176,31.66,7377.0,test_proteome_1,0.1785,0.2719,5.59,0.008,0.016,0.027,245.0,125.0,74.0
1oe6B.pdb,6rawA1.pdb,0.265,2.59,0.043,0.1367,111.69,15133.0,test_proteome_1,0.2419,0.2832,4.82,0.049,0.061,0.133,245.0,197.0,90.0
1oe6B.pdb,2vawA1.pdb,0.126,3.02,0.0426,0.0993,119.85,10152.0,test_proteome_1,0.2916,0.4859,3.63,0.033,0.062,0.087,245.0,128.0,92.0
1oe6B.pdb,6kawA.pdb,0.987,3.36,0.0269,0.10769999999999999,43.35,20706.0,test_proteome_1,0.3382,0.2452,5.9,0.033,0.021,0.057,245.0,381.0,141.0
1oe6B.pdb,7aawA1.pdb,0.524,3.23,0.0647,0.1223,72.74,8715.0,test_proteome_1,0.2358,0.3846,4.28,0.049,0.096,0.148,245.0,125.0,81.0
1oe6B.pdb,6oawA3.pdb,0.524,2.67,0.0317,0.1032,75.76,8903.0,test_proteome_1,0.2148,0.3349,4.95,0.004,0.008,0.013,245.0,128.0,80.0
1oe6B.pdb,3gawA12.pdb,0.953,3.35,0.069,0.1379,30.39,3142.0,test_proteome_1,0.1278,0.3524,4.57,0.016,0.067,0.093,245.0,60.0,43.0
1oe6B.pdb,3aawA.pdb,0.34,3.42,0.0602,0.1435,153.43,28850.0,test_proteome_1,0.3184,0.2325,6.38,0.033,0.021,0.055,245.0,387.0,145.0
1oe6B.pdb,4qawA2.pdb,0.979,3.37,0.023700000000000002,0.0947,31.59,7988.0,test_proteome_1,0.2383,0.348,5.4,0.016,0.028,0.044,245.0,143.0,91.0
1oe6B.pdb,1iawA1.pdb,0.222,3.25,0.07629999999999999,0.1374,108.22,13196.0,test_proteome_1,0.2362,0.2878,5.38,0.029,0.038,0.076,245.0,184.0,92.0
1oe6B.pdb,3nawA.pdb,0.505,5.3,0.0282,0.107,183.75,53549.0,test_proteome_1,0.3164,0.1517,5.35,0.037,0.015,0.076,245.0,607.0,119.0
1oe6B.pdb,6kawA2.pdb,0.959,2.79,0.0667,0.1333,41.81,8664.0,test_proteome_1,0.2229,0.2892,5.67,0.016,0.024,0.043,245.0,164.0,92.0
1oe6B.pdb,6hawA.pdb,0.42,4.48,0.038900000000000004,0.1198,159.07,35409.0,test_proteome_1,0.2843,0.185,5.83,0.045,0.025,0.093,245.0,438.0,118.0
1oe6B.pdb,3gawA9.pdb,0.795,3.35,0.054900000000000004,0.1099,39.26,3323.0,test_proteome_1,0.129,0.3254,4.1,0.016,0.067,0.093,245.0,60.0,43.0
1oe6B.pdb,3gawA8.pdb,0.898,3.09,0.08929999999999999,0.1429,35.22,3499.0,test_proteome_1,0.1236,0.303,4.47,0.016,0.063,0.093,245.0,63.0,43.0
1oe6B.pdb,2mawA.pdb,0.0853,2.56,0.022000000000000002,0.07690000000000001,138.91,12322.0,test_proteome_1,0.2189,0.3357,5.25,0.008,0.015,0.024,245.0,134.0,83.0
1oe6B.pdb,7wawA.pdb,0.177,3.31,0.0431,0.0964,187.92,50223.0,test_proteome_1,0.3387,0.1998,5.67,0.029,0.014,0.05,245.0,496.0,139.0
1oe6B.pdb,6rawA.pdb,0.211,4.03,0.0337,0.1114,203.06,45967.0,test_proteome_1,0.3485,0.1901,5.78,0.045,0.02,0.077,245.0,542.0,143.0
1oe6B.pdb,3aawA3.pdb,0.499,3.45,0.0354,0.13269999999999998,75.6,5726.0,test_proteome_1,0.1735,0.3579,4.49,0.029,0.082,0.115,245.0,85.0,61.0
1oe6B.pdb,4qawA.pdb,0.367,2.88,0.037599999999999995,0.1191,153.37,36878.0,test_proteome_1,0.3061,0.1758,6.54,0.024,0.011,0.042,245.0,537.0,142.0
1oe6B.pdb,2b3oA1.pdb,0.722,3.09,0.0558,0.1155,70.79,12429.0,test_proteome_2,0.2412,0.268,5.41,0.024,0.029,0.062,245.0,210.0,97.0
1oe6B.pdb,2b3oA2.pdb,0.295,3.64,0.053,0.1225,145.13,21316.0,test_proteome_2,0.3042,0.264,5.2,0.045,0.037,0.098,245.0,294.0,112.0
1oe6B.pdb,6b3oA.pdb,0.523,3.79,0.0395,0.1184,136.51,26330.0,test_proteome_2,0.1967,0.1501,5.2,0.029,0.02,0.097,245.0,344.0,72.0
1oe6B.pdb,2b3oA.pdb,0.557,3.64,0.053,0.1225,145.13,35201.0,test_proteome_2,0.3018,0.1681,4.94,0.045,0.022,0.101,245.0,504.0,109.0
2lliA.pdb,2nawA.pdb,0.877,3.25,0.2273,0.2727,27.79,1180.0,test_proteome_1,0.1175,0.2191,2.87,0.008,0.026,0.05,124.0,39.0,20.0
2lliA.pdb,2wawA.pdb,0.98,3.1,0.0339,0.1017,28.4,6534.0,test_proteome_1,0.2329,0.1706,4.55,0.016,0.01,0.038,124.0,197.0,52.0
2lliA.pdb,6gawAg.pdb,0.989,2.54,0.1316,0.21050000000000002,33.5,11533.0,test_proteome_1,0.1939,0.0951,5.48,0.024,0.008,0.06,124.0,353.0,50.0
2lliA.pdb,7eawA5.pdb,0.813,3.45,0.0455,0.11359999999999999,27.41,1897.0,test_proteome_1,0.1736,0.2672,3.86,0.008,0.016,0.03,124.0,62.0,33.0
2lliA.pdb,1mawA.pdb,0.983,2.42,0.0784,0.1176,35.23,10050.0,test_proteome_1,0.1963,0.102,5.18,0.016,0.006,0.041,124.0,326.0,49.0
2lliA.pdb,3gawA14.pdb,0.906,2.61,0.0667,0.1333,26.92,2091.0,test_proteome_1,0.1404,0.2011,4.37,0.008,0.016,0.033,124.0,62.0,30.0
2lliA.pdb,7aawA2.pdb,0.976,3.17,0.0,0.1176,28.08,6093.0,test_proteome_1,0.19,0.1436,4.76,0.024,0.016,0.068,124.0,190.0,44.0
2lliA.pdb,3gawA5.pdb,0.956,4.23,0.0,0.0,23.05,2109.0,test_proteome_1,0.1486,0.2389,3.55,0.008,0.018,0.037,124.0,57.0,27.0
2lliA.pdb,3gawA11.pdb,0.939,4.8,0.0,0.05,27.08,2010.0,test_proteome_1,0.1631,0.2531,3.67,0.016,0.033,0.065,124.0,60.0,31.0
2lliA.pdb,3cawA.pdb,0.98,3.27,0.0417,0.125,31.01,10135.0,test_proteome_1,0.2058,0.1116,5.62,0.04,0.016,0.091,124.0,316.0,55.0
2lliA.pdb,6gawAo.pdb,0.998,3.17,0.0,0.07690000000000001,28.9,15895.0,test_proteome_1,0.3811,0.1167,4.83,0.048,0.01,0.071,124.0,572.0,84.0
2lliA.pdb,3fawA1.pdb,0.942,3.62,0.11109999999999999,0.16670000000000001,26.52,2259.0,test_proteome_1,0.1486,0.1994,3.95,0.0,0.0,0.0,124.0,80.0,28.0
2lliA.pdb,7eawA1.pdb,0.888,4.34,0.0385,0.0962,27.03,1918.0,test_proteome_1,0.158,0.2196,3.56,0.016,0.026,0.069,124.0,76.0,29.0
2lliA.pdb,2dawA.pdb,0.937,3.52,0.10529999999999999,0.2632,33.93,4707.0,test_proteome_1,0.2065,0.1775,3.95,0.008,0.006,0.024,124.0,154.0,41.0
2lliA.pdb,7dawA.pdb,0.979,2.76,0.0161,0.0645,35.35,8799.0,test_proteome_1,0.2094,0.1164,4.0,0.048,0.022,0.146,124.0,267.0,41.0
2lliA.pdb,6gawAh.pdb,0.881,3.04,0.0192,0.07690000000000001,29.05,3475.0,test_proteome_1,0.2629,0.2684,4.57,0.016,0.017,0.035,124.0,120.0,57.0
2lliA.pdb,5cawA.pdb,0.992,3.33,0.04650000000000001,0.13949999999999999,29.68,10514.0,test_proteome_1,0.1932,0.1,4.93,0.016,0.007,0.048,124.0,298.0,42.0
2lliA.pdb,7rawA.pdb,0.983,3.18,0.0588,0.1176,28.56,7922.0,test_proteome_1,0.2263,0.1467,5.18,0.024,0.013,0.056,124.0,235.0,54.0
2lliA.pdb,6gawAp.pdb,0.932,4.24,0.0086,0.0862,38.1,6561.0,test_proteome_1,0.2128,0.1636,4.88,0.024,0.016,0.058,124.0,190.0,52.0
2lliA.pdb,3cawA1.pdb,0.946,3.27,0.0417,0.125,31.01,5264.0,test_proteome_1,0.1886,0.1403,5.19,0.008,0.005,0.022,124.0,193.0,45.0
2lliA.pdb,3gawA1.pdb,0.901,2.57,0.0,0.0667,27.11,2301.0,test_proteome_1,0.1694,0.2571,3.82,0.0,0.0,0.0,124.0,63.0,33.0
2lliA.pdb,7aawA.pdb,0.978,2.72,0.16670000000000001,0.2778,33.48,10629.0,test_proteome_1,0.2494,0.1295,5.26,0.008,0.003,0.017,124.0,315.0,60.0
2lliA.pdb,3fawA4.pdb,0.998,4.14,0.07690000000000001,0.15380000000000002,32.82,17403.0,test_proteome_1,0.2822,0.1058,5.09,0.016,0.004,0.03,124.0,475.0,67.0
2lliA.pdb,3gawA3.pdb,0.897,4.32,0.0,0.06,35.03,4416.0,test_proteome_1,0.1998,0.2025,5.17,0.008,0.008,0.02,124.0,121.0,50.0
2lliA.pdb,6gawAe.pdb,0.99,2.81,0.0417,0.16670000000000001,31.65,10818.0,test_proteome_1,0.2704,0.1236,5.58,0.032,0.01,0.056,124.0,388.0,71.0
2lliA.pdb,4qawA1.pdb,0.991,3.17,0.10529999999999999,0.10529999999999999,32.46,13303.0,test_proteome_1,0.2162,0.0932,5.13,0.04,0.013,0.098,124.0,394.0,51.0
2lliA.pdb,6dawA.pdb,0.973,3.06,0.0,0.1176,38.03,11525.0,test_proteome_1,0.2142,0.1035,5.26,0.016,0.006,0.039,124.0,342.0,51.0
2lliA.pdb,7eawA.pdb,0.995,3.05,0.0857,0.1429,30.61,18475.0,test_proteome_1,0.259,0.0826,4.83,0.024,0.005,0.051,124.0,560.0,59.0
2lliA.pdb,6oawA2.pdb,0.968,4.25,0.0,0.1176,24.86,2595.0,test_proteome_1,0.2146,0.2644,4.59,0.0,0.0,0.0,124.0,85.0,48.0
2lliA.pdb,3gawA15.pdb,0.941,4.86,0.0,0.1,26.72,2014.0,test_proteome_1,0.1429,0.2176,3.49,0.016,0.034,0.074,124.0,59.0,27.0
2lliA.pdb,5cawA1.pdb,0.946,3.24,0.0417,0.16670000000000001,27.99,4839.0,test_proteome_1,0.1659,0.153,4.7,0.024,0.022,0.086,124.0,139.0,35.0
2lliA.pdb,7eawA4.pdb,0.981,4.27,0.0588,0.1765,27.52,4866.0,test_proteome_1,0.2121,0.1832,5.25,0.008,0.006,0.02,124.0,156.0,51.0
2lliA.pdb,6gawAC.pdb,0.961,3.51,0.1176,0.1765,28.81,4126.0,test_proteome_1,0.1837,0.176,5.38,0.016,0.015,0.048,124.0,132.0,42.0
2lliA.pdb,3fawA3.pdb,0.918,2.75,0.0625,0.125,28.99,3291.0,test_proteome_1,0.1984,0.2349,3.83,0.008,0.011,0.026,124.0,95.0,39.0
2lliA.pdb,2vawA.pdb,0.979,3.09,0.0541,0.1351,32.09,10064.0,test_proteome_1,0.2604,0.1369,5.17,0.008,0.003,0.016,124.0,315.0,63.0
2lliA.pdb,7wawA2.pdb,0.965,3.26,0.0588,0.1176,29.12,4933.0,test_proteome_1,0.1558,0.1086,5.32,0.0,0.0,0.0,124.0,218.0,39.0
2lliA.pdb,7rawA1.pdb,0.966,3.18,0.0588,0.1176,28.56,5615.0,test_proteome_1,0.1896,0.1628,5.24,0.024,0.019,0.064,124.0,158.0,47.0
2lliA.pdb,1uawA.pdb,0.906,2.87,0.1,0.15,27.28,2325.0,test_proteome_1,0.1542,0.2038,4.13,0.016,0.026,0.061,124.0,77.0,33.0
2lliA.pdb,3nawA3.pdb,0.954,3.49,0.0208,0.20829999999999999,31.7,6456.0,test_proteome_1,0.2333,0.1575,4.61,0.04,0.023,0.1,124.0,215.0,50.0
2lliA.pdb,6rawA2.pdb,0.992,3.88,0.04650000000000001,0.1628,30.8,11141.0,test_proteome_1,0.2224,0.104,4.85,0.024,0.009,0.061,124.0,345.0,49.0
2lliA.pdb,3aawA1.pdb,0.984,3.45,0.0526,0.21050000000000002,27.53,6644.0,test_proteome_1,0.2115,0.1448,5.06,0.016,0.009,0.039,124.0,221.0,51.0
2lliA.pdb,3cawA2.pdb,0.978,3.63,0.0,0.07690000000000001,26.84,4070.0,test_proteome_1,0.2079,0.2091,4.02,0.024,0.024,0.071,124.0,123.0,42.0
2lliA.pdb,6hawA2.pdb,0.938,3.22,0.15,0.2,37.68,6284.0,test_proteome_1,0.2011,0.1365,4.59,0.048,0.028,0.133,124.0,218.0,45.0
2lliA.pdb,3gawA7.pdb,0.937,3.15,0.0455,0.1364,23.53,2072.0,test_proteome_1,0.1463,0.2201,3.98,0.008,0.016,0.034,124.0,63.0,29.0
2lliA.pdb,6hawA1.pdb,0.973,3.28,0.0,0.0588,32.32,6211.0,test_proteome_1,0.2028,0.1431,5.37,0.008,0.005,0.019,124.0,220.0,54.0
2lliA.pdb,6oawA1.pdb,0.961,3.06,0.0,0.0588,29.88,4501.0,test_proteome_1,0.1881,0.1562,5.6,0.024,0.018,0.062,124.0,166.0,48.0
2lliA.pdb,3gawA.pdb,0.999,3.04,0.10710000000000001,0.25,40.88,47725.0,test_proteome_1,0.3381,0.0554,4.86,0.008,0.001,0.013,124.0,1213.0,78.0
2lliA.pdb,3gawA13.pdb,0.942,4.84,0.0,0.1,26.5,2039.0,test_proteome_1,0.1608,0.2549,3.61,0.024,0.051,0.1,124.0,59.0,30.0
2lliA.pdb,1iawA.pdb,0.979,3.08,0.0,0.0556,34.43,9940.0,test_proteome_1,0.2,0.1078,4.77,0.016,0.007,0.043,124.0,304.0,47.0
2lliA.pdb,6oawA.pdb,0.993,3.06,0.0,0.0588,29.88,11665.0,test_proteome_1,0.257,0.1083,4.12,0.024,0.008,0.058,124.0,379.0,52.0
2lliA.pdb,6kawA1.pdb,0.983,2.81,0.037000000000000005,0.1481,30.16,7044.0,test_proteome_1,0.2385,0.164,4.93,0.016,0.009,0.036,124.0,217.0,56.0
2lliA.pdb,6gawAG.pdb,0.957,3.52,0.032799999999999996,0.1148,33.47,5820.0,test_proteome_1,0.1856,0.1316,4.87,0.016,0.01,0.047,124.0,208.0,43.0
2lliA.pdb,7rawA2.pdb,0.949,4.18,0.0,0.0658,26.09,1931.0,test_proteome_1,0.1832,0.2459,3.75,0.016,0.026,0.056,124.0,77.0,36.0
2lliA.pdb,1mawA2.pdb,0.96,2.24,0.11539999999999999,0.34619999999999995,28.01,4021.0,test_proteome_1,0.186,0.1694,5.38,0.016,0.014,0.044,124.0,144.0,45.0
2lliA.pdb,2vawA2.pdb,0.946,3.02,0.11109999999999999,0.11109999999999999,30.58,5611.0,test_proteome_1,0.2248,0.1663,4.85,0.048,0.032,0.125,124.0,187.0,48.0
2lliA.pdb,3nawA1.pdb,0.986,3.42,0.0,0.11109999999999999,26.08,9311.0,test_proteome_1,0.2459,0.1707,5.06,0.04,0.023,0.085,124.0,215.0,59.0
2lliA.pdb,3gawA2.pdb,0.853,2.24,0.0,0.1429,30.11,2254.0,test_proteome_1,0.137,0.2065,4.58,0.0,0.0,0.0,124.0,62.0,29.0
2lliA.pdb,6xawA.pdb,0.891,4.43,0.0682,0.1818,25.43,1532.0,test_proteome_1,0.1845,0.2663,4.45,0.016,0.029,0.053,124.0,69.0,38.0
2lliA.pdb,3gawA6.pdb,0.958,3.52,0.0,0.0556,28.68,4353.0,test_proteome_1,0.2007,0.1996,4.51,0.016,0.016,0.047,124.0,125.0,43.0
2lliA.pdb,3gawA16.pdb,0.925,2.6,0.0,0.0,30.59,3942.0,test_proteome_1,0.1755,0.1812,5.45,0.04,0.043,0.111,124.0,117.0,45.0
2lliA.pdb,1iawA2.pdb,0.933,3.12,0.0,0.0455,29.1,3752.0,test_proteome_1,0.2089,0.2127,5.24,0.016,0.017,0.038,124.0,120.0,53.0
2lliA.pdb,1mawA1.pdb,0.976,3.89,0.0588,0.1765,30.64,5494.0,test_proteome_1,0.2055,0.1559,4.52,0.016,0.011,0.047,124.0,182.0,43.0
2lliA.pdb,4pawA.pdb,0.975,3.02,0.10529999999999999,0.2632,26.91,6803.0,test_proteome_1,0.1821,0.134,5.07,0.032,0.02,0.093,124.0,197.0,43.0
2lliA.pdb,3gawA4.pdb,0.934,4.98,0.0833,0.20829999999999999,29.33,1985.0,test_proteome_1,0.1514,0.243,3.57,0.016,0.036,0.071,124.0,56.0,28.0
2lliA.pdb,7eawA3.pdb,0.954,3.99,0.024399999999999998,0.08539999999999999,29.5,4222.0,test_proteome_1,0.1979,0.1911,4.47,0.0,0.0,0.0,124.0,131.0,44.0
2lliA.pdb,7wawA1.pdb,0.988,3.36,0.027000000000000003,0.1081,30.3,6380.0,test_proteome_1,0.2222,0.1283,4.99,0.016,0.007,0.038,124.0,278.0,53.0
2lliA.pdb,5cawA2.pdb,0.96,3.11,0.0345,0.10339999999999999,27.38,5072.0,test_proteome_1,0.2555,0.2198,5.41,0.032,0.025,0.062,124.0,159.0,65.0
2lliA.pdb,6gawAE.pdb,0.972,2.5,0.12,0.24,34.97,11476.0,test_proteome_1,0.23,0.1157,5.52,0.032,0.012,0.067,124.0,343.0,60.0
2lliA.pdb,7eawA2.pdb,0.984,3.76,0.0833,0.19440000000000002,26.69,3417.0,test_proteome_1,0.2131,0.2022,4.99,0.016,0.015,0.04,124.0,135.0,50.0
2lliA.pdb,3gawA10.pdb,0.92,3.67,0.0426,0.1489,34.08,4251.0,test_proteome_1,0.2085,0.2064,4.86,0.04,0.04,0.104,124.0,126.0,48.0
2lliA.pdb,3fawA.pdb,0.999,2.59,0.0455,0.11359999999999999,34.05,28564.0,test_proteome_1,0.2559,0.0653,5.07,0.048,0.008,0.095,124.0,775.0,63.0
2lliA.pdb,3aawA2.pdb,0.896,3.57,0.0526,0.15789999999999998,31.09,2270.0,test_proteome_1,0.1759,0.2315,3.94,0.056,0.086,0.206,124.0,81.0,34.0
2lliA.pdb,3nawA2.pdb,0.941,1.2,0.044800000000000006,0.1045,31.83,4541.0,test_proteome_1,0.1943,0.1514,5.06,0.008,0.006,0.023,124.0,177.0,43.0
2lliA.pdb,3fawA2.pdb,0.944,3.12,0.0588,0.1765,29.53,4321.0,test_proteome_1,0.1708,0.1701,5.16,0.024,0.024,0.067,124.0,125.0,45.0
2lliA.pdb,6rawA1.pdb,0.95,3.24,0.11109999999999999,0.16670000000000001,35.14,6116.0,test_proteome_1,0.2191,0.1635,5.46,0.0,0.0,0.0,124.0,197.0,57.0
2lliA.pdb,2vawA1.pdb,0.894,3.09,0.0541,0.1351,32.09,3950.0,test_proteome_1,0.1864,0.1825,4.73,0.0,0.0,0.0,124.0,128.0,41.0
2lliA.pdb,6kawA.pdb,0.983,3.01,0.0,0.1,35.58,13031.0,test_proteome_1,0.2437,0.1132,5.51,0.016,0.005,0.032,124.0,381.0,63.0
2lliA.pdb,7aawA1.pdb,0.902,2.45,0.1176,0.2353,32.17,4028.0,test_proteome_1,0.2011,0.2,4.68,0.032,0.032,0.091,124.0,125.0,44.0
2lliA.pdb,6oawA3.pdb,0.952,3.06,0.0345,0.1379,27.4,3673.0,test_proteome_1,0.2046,0.2003,4.03,0.032,0.031,0.098,124.0,128.0,41.0
2lliA.pdb,3gawA12.pdb,0.89,3.75,0.0,0.11109999999999999,25.57,2163.0,test_proteome_1,0.1543,0.2317,4.08,0.0,0.0,0.0,124.0,60.0,31.0
2lliA.pdb,3aawA.pdb,0.972,3.1,0.033,0.08789999999999999,44.33,12052.0,test_proteome_1,0.2405,0.11,5.47,0.024,0.008,0.048,124.0,387.0,62.0
2lliA.pdb,4qawA2.pdb,0.933,3.24,0.0455,0.0909,31.13,5051.0,test_proteome_1,0.1962,0.1778,4.42,0.024,0.021,0.073,124.0,143.0,41.0
2lliA.pdb,1iawA1.pdb,0.943,3.08,0.0,0.0556,34.43,5588.0,test_proteome_1,0.2286,0.1784,5.58,0.032,0.022,0.068,124.0,184.0,59.0
2lliA.pdb,3nawA.pdb,0.996,2.89,0.042300000000000004,0.1972,34.72,21209.0,test_proteome_1,0.3278,0.1039,5.34,0.048,0.01,0.072,124.0,607.0,83.0
2lliA.pdb,6kawA2.pdb,0.971,3.63,0.0833,0.16670000000000001,35.31,5458.0,test_proteome_1,0.1646,0.1388,5.54,0.024,0.018,0.07,124.0,164.0,43.0
2lliA.pdb,6hawA.pdb,0.987,3.22,0.15,0.2,37.68,12845.0,test_proteome_1,0.1971,0.0795,5.27,0.024,0.007,0.062,124.0,438.0,48.0
2lliA.pdb,3gawA9.pdb,0.913,3.81,0.0588,0.1765,29.45,2247.0,test_proteome_1,0.1426,0.2304,3.6,0.0,0.0,0.0,124.0,60.0,26.0
2lliA.pdb,3gawA8.pdb,0.933,3.85,0.1176,0.1765,27.43,2268.0,test_proteome_1,0.1614,0.2454,3.7,0.008,0.016,0.032,124.0,63.0,31.0
2lliA.pdb,2mawA.pdb,0.983,2.62,0.0909,0.1818,24.08,3231.0,test_proteome_1,0.1713,0.1628,4.7,0.0,0.0,0.0,124.0,134.0,37.0
2lliA.pdb,7wawA.pdb,0.997,3.36,0.027000000000000003,0.1081,30.3,11659.0,test_proteome_1,0.2245,0.082,5.08,0.008,0.002,0.019,124.0,496.0,54.0
2lliA.pdb,6rawA.pdb,0.995,3.24,0.11109999999999999,0.16670000000000001,35.14,17795.0,test_proteome_1,0.2695,0.0891,4.94,0.04,0.009,0.081,124.0,542.0,62.0
2lliA.pdb,3aawA3.pdb,0.84,2.28,0.10529999999999999,0.21050000000000002,29.26,2209.0,test_proteome_1,0.1883,0.2468,4.0,0.016,0.024,0.057,124.0,85.0,35.0
2lliA.pdb,4qawA.pdb,0.996,3.17,0.10529999999999999,0.10529999999999999,32.46,18980.0,test_proteome_1,0.2841,0.0994,5.56,0.016,0.004,0.027,124.0,537.0,73.0
2lliA.pdb,2b3oA1.pdb,0.953,3.14,0.0556,0.16670000000000001,35.19,6862.0,test_proteome_2,0.1905,0.1321,4.35,0.008,0.005,0.024,124.0,210.0,41.0
2lliA.pdb,2b3oA2.pdb,0.986,1.46,0.11109999999999999,0.3333,29.03,9546.0,test_proteome_2,0.2107,0.1174,5.26,0.016,0.007,0.038,124.0,294.0,52.0
2lliA.pdb,6b3oA.pdb,0.946,3.35,0.0,0.0926,49.56,9588.0,test_proteome_2,0.3328,0.1531,4.37,0.016,0.006,0.029,124.0,344.0,69.0
2lliA.pdb,2b3oA.pdb,0.993,2.64,0.0,0.1176,35.3,16893.0,test_proteome_2,0.2407,0.0868,5.32,0.024,0.006,0.051,124.0,504.0,59.0
5gwyB.pdb,2nawA.pdb,0.779,3.36,0.08109999999999999,0.1351,48.59,2727.0,test_proteome_1,0.0822,0.3982,3.01,0.01,0.077,0.103,305.0,39.0,29.0
5gwyB.pdb,2wawA.pdb,0.798,2.46,0.064,0.12,72.88,18552.0,test_proteome_1,0.2264,0.2997,6.28,0.036,0.056,0.092,305.0,197.0,120.0
5gwyB.pdb,6gawAg.pdb,0.646,2.97,0.057800000000000004,0.1155,112.59,31606.0,test_proteome_1,0.2601,0.2348,6.75,0.02,0.017,0.043,305.0,353.0,140.0
5gwyB.pdb,7eawA5.pdb,0.39,0.66,0.0588,0.0588,47.85,4559.0,test_proteome_1,0.1224,0.3806,3.79,0.01,0.048,0.064,305.0,62.0,47.0
5gwyB.pdb,1mawA.pdb,0.767,4.97,0.0688,0.1437,101.18,27992.0,test_proteome_1,0.2711,0.2582,5.91,0.03,0.028,0.068,305.0,326.0,133.0
5gwyB.pdb,3gawA14.pdb,0.9,3.76,0.044800000000000006,0.1045,48.77,5988.0,test_proteome_1,0.127,0.3741,3.86,0.01,0.048,0.06,305.0,62.0,50.0
5gwyB.pdb,7aawA2.pdb,0.734,2.69,0.07690000000000001,0.1308,76.0,16558.0,test_proteome_1,0.211,0.2918,5.97,0.013,0.021,0.038,305.0,190.0,104.0
5gwyB.pdb,3gawA5.pdb,0.786,3.0,0.09759999999999999,0.19510000000000002,43.12,5488.0,test_proteome_1,0.1123,0.4148,3.26,0.013,0.07,0.098,305.0,57.0,41.0
5gwyB.pdb,3gawA11.pdb,0.772,3.21,0.0455,0.0909,42.95,5508.0,test_proteome_1,0.1174,0.3797,3.48,0.01,0.05,0.068,305.0,60.0,44.0
5gwyB.pdb,3cawA.pdb,0.612,3.39,0.0608,0.1155,113.08,28347.0,test_proteome_1,0.2448,0.2389,6.7,0.026,0.025,0.06,305.0,316.0,133.0
5gwyB.pdb,6gawAo.pdb,0.821,2.77,0.0246,0.09849999999999999,115.86,47112.0,test_proteome_1,0.2711,0.1721,7.06,0.03,0.016,0.06,305.0,572.0,151.0
5gwyB.pdb,3fawA1.pdb,0.108,3.26,0.08,0.21,85.61,7098.0,test_proteome_1,0.1788,0.5271,3.23,0.033,0.125,0.154,305.0,80.0,65.0
5gwyB.pdb,7eawA1.pdb,0.574,2.78,0.0562,0.1461,76.78,6153.0,test_proteome_1,0.1281,0.3622,3.98,0.007,0.026,0.04,305.0,76.0,50.0
5gwyB.pdb,2dawA.pdb,0.469,2.95,0.0565,0.1452,91.16,14480.0,test_proteome_1,0.1776,0.2861,5.2,0.02,0.039,0.074,305.0,154.0,81.0
5gwyB.pdb,7dawA.pdb,0.739,4.13,0.0361,0.0754,100.23,23816.0,test_proteome_1,0.2026,0.2213,6.85,0.02,0.022,0.054,305.0,267.0,112.0
5gwyB.pdb,6gawAh.pdb,0.532,2.09,0.0721,0.1441,83.03,10281.0,test_proteome_1,0.1291,0.2372,5.48,0.01,0.025,0.048,305.0,120.0,62.0
5gwyB.pdb,5cawA.pdb,0.8,5.44,0.0253,0.1011,96.81,26954.0,test_proteome_1,0.2377,0.2416,6.52,0.026,0.027,0.065,305.0,298.0,123.0
5gwyB.pdb,7rawA.pdb,0.277,3.66,0.0406,0.0886,144.5,22527.0,test_proteome_1,0.3029,0.3672,5.64,0.036,0.047,0.078,305.0,235.0,141.0
5gwyB.pdb,6gawAp.pdb,0.865,2.72,0.0407,0.12210000000000001,64.57,17208.0,test_proteome_1,0.1284,0.1775,5.89,0.01,0.016,0.048,305.0,190.0,63.0
5gwyB.pdb,3cawA1.pdb,0.262,2.74,0.08039999999999999,0.1384,128.04,15538.0,test_proteome_1,0.179,0.2473,5.58,0.023,0.036,0.082,305.0,193.0,85.0
5gwyB.pdb,3gawA1.pdb,0.938,3.29,0.09519999999999999,0.11109999999999999,41.12,6299.0,test_proteome_1,0.1204,0.3896,3.67,0.016,0.079,0.109,305.0,63.0,46.0
5gwyB.pdb,7aawA.pdb,0.759,4.05,0.0242,0.0636,104.77,28237.0,test_proteome_1,0.2457,0.2404,6.83,0.026,0.025,0.059,305.0,315.0,136.0
5gwyB.pdb,3fawA4.pdb,0.901,2.76,0.0443,0.1392,89.3,44037.0,test_proteome_1,0.3131,0.2281,6.76,0.039,0.025,0.07,305.0,475.0,171.0
5gwyB.pdb,3gawA3.pdb,0.932,3.51,0.055,0.1009,51.84,12131.0,test_proteome_1,0.1487,0.2983,5.26,0.013,0.033,0.062,305.0,121.0,65.0
5gwyB.pdb,6gawAe.pdb,0.656,2.47,0.028399999999999998,0.1348,106.84,32446.0,test_proteome_1,0.272,0.2314,6.89,0.036,0.028,0.071,305.0,388.0,154.0
5gwyB.pdb,4qawA1.pdb,0.774,3.13,0.04,0.1133,99.03,36790.0,test_proteome_1,0.2863,0.2403,7.03,0.033,0.025,0.062,305.0,394.0,162.0
5gwyB.pdb,6dawA.pdb,0.839,3.1,0.0463,0.1204,87.74,31063.0,test_proteome_1,0.3156,0.2909,6.67,0.03,0.026,0.054,305.0,342.0,167.0
5gwyB.pdb,7eawA.pdb,0.857,2.62,0.055999999999999994,0.1204,99.94,49542.0,test_proteome_1,0.2692,0.1714,6.39,0.02,0.011,0.043,305.0,560.0,140.0
5gwyB.pdb,6oawA2.pdb,0.808,2.46,0.0403,0.0726,52.31,7367.0,test_proteome_1,0.1409,0.378,3.69,0.003,0.012,0.019,305.0,85.0,54.0
5gwyB.pdb,3gawA15.pdb,0.745,3.06,0.0652,0.1304,43.64,5446.0,test_proteome_1,0.1238,0.4056,3.37,0.003,0.017,0.022,305.0,59.0,46.0
5gwyB.pdb,5cawA1.pdb,0.934,2.79,0.0191,0.057300000000000004,44.34,13278.0,test_proteome_1,0.2064,0.3527,5.47,0.007,0.014,0.021,305.0,139.0,97.0
5gwyB.pdb,7eawA4.pdb,0.602,2.34,0.0692,0.13849999999999998,80.15,13002.0,test_proteome_1,0.1415,0.2214,5.75,0.013,0.026,0.058,305.0,156.0,69.0
5gwyB.pdb,6gawAC.pdb,0.747,3.02,0.08900000000000001,0.21230000000000002,70.27,12396.0,test_proteome_1,0.1863,0.3363,5.21,0.026,0.061,0.095,305.0,132.0,84.0
5gwyB.pdb,3fawA3.pdb,0.861,3.21,0.0455,0.1545,49.13,8318.0,test_proteome_1,0.1403,0.3242,4.65,0.01,0.032,0.051,305.0,95.0,59.0
5gwyB.pdb,2vawA.pdb,0.632,3.14,0.0536,0.09820000000000001,98.46,27005.0,test_proteome_1,0.2945,0.2881,6.61,0.023,0.022,0.044,305.0,315.0,158.0
5gwyB.pdb,7wawA2.pdb,0.541,3.24,0.0809,0.1503,103.32,16552.0,test_proteome_1,0.2326,0.2938,5.87,0.026,0.037,0.07,305.0,218.0,114.0
5gwyB.pdb,7rawA1.pdb,0.655,3.06,0.0329,0.0592,81.56,16275.0,test_proteome_1,0.1914,0.2962,5.5,0.03,0.057,0.098,305.0,158.0,92.0
5gwyB.pdb,1uawA.pdb,0.81,3.13,0.0659,0.15380000000000002,49.39,6760.0,test_proteome_1,0.1436,0.3868,4.02,0.023,0.091,0.123,305.0,77.0,57.0
5gwyB.pdb,3nawA3.pdb,0.731,3.3,0.07690000000000001,0.1818,83.2,17494.0,test_proteome_1,0.2362,0.2982,6.22,0.033,0.047,0.082,305.0,215.0,122.0
5gwyB.pdb,6rawA2.pdb,0.783,2.67,0.0842,0.2,88.43,29589.0,test_proteome_1,0.2737,0.2515,6.49,0.026,0.023,0.054,305.0,345.0,147.0
5gwyB.pdb,3aawA1.pdb,0.691,3.23,0.0877,0.1754,97.6,18935.0,test_proteome_1,0.2564,0.3192,6.2,0.026,0.036,0.062,305.0,221.0,130.0
5gwyB.pdb,3cawA2.pdb,0.683,2.64,0.0989,0.1978,73.71,11863.0,test_proteome_1,0.1351,0.2722,4.55,0.016,0.041,0.091,305.0,123.0,55.0
5gwyB.pdb,6hawA2.pdb,0.71,4.79,0.058600000000000006,0.125,101.39,19200.0,test_proteome_1,0.2217,0.2818,5.71,0.03,0.041,0.085,305.0,218.0,106.0
5gwyB.pdb,3gawA7.pdb,0.945,2.76,0.0,0.0909,44.46,5625.0,test_proteome_1,0.1113,0.3162,4.03,0.013,0.063,0.089,305.0,63.0,45.0
5gwyB.pdb,6hawA1.pdb,0.695,5.03,0.0336,0.0872,102.49,18347.0,test_proteome_1,0.205,0.2563,5.99,0.026,0.036,0.078,305.0,220.0,103.0
5gwyB.pdb,6oawA1.pdb,0.684,2.66,0.0209,0.1099,81.82,13796.0,test_proteome_1,0.175,0.2739,5.27,0.016,0.03,0.063,305.0,166.0,79.0
5gwyB.pdb,3gawA.pdb,0.988,4.52,0.0308,0.0746,99.24,134428.0,test_proteome_1,0.2139,0.0734,6.48,0.016,0.004,0.044,305.0,1213.0,114.0
5gwyB.pdb,3gawA13.pdb,0.874,3.16,0.0484,0.1935,45.76,5657.0,test_proteome_1,0.1176,0.397,3.49,0.01,0.051,0.068,305.0,59.0,44.0
5gwyB.pdb,1iawA.pdb,0.705,3.41,0.027999999999999997,0.0901,93.33,25077.0,test_proteome_1,0.2696,0.2703,6.14,0.026,0.026,0.058,305.0,304.0,138.0
5gwyB.pdb,6oawA.pdb,0.877,3.74,0.0278,0.11109999999999999,85.79,33115.0,test_proteome_1,0.2279,0.1957,6.95,0.013,0.011,0.032,305.0,379.0,125.0
5gwyB.pdb,6kawA1.pdb,0.737,2.66,0.0338,0.1014,82.13,20614.0,test_proteome_1,0.2005,0.25,6.63,0.013,0.018,0.037,305.0,217.0,109.0
5gwyB.pdb,6gawAG.pdb,0.669,3.33,0.0148,0.0593,99.19,17737.0,test_proteome_1,0.1931,0.254,5.43,0.007,0.01,0.022,305.0,208.0,90.0
5gwyB.pdb,7rawA2.pdb,0.459,3.7,0.057699999999999994,0.15380000000000002,92.94,5699.0,test_proteome_1,0.1374,0.4031,3.53,0.003,0.013,0.02,305.0,77.0,51.0
5gwyB.pdb,1mawA2.pdb,0.579,3.56,0.0506,0.1772,93.21,11600.0,test_proteome_1,0.1629,0.2748,5.5,0.013,0.028,0.052,305.0,144.0,77.0
5gwyB.pdb,2vawA2.pdb,0.596,2.57,0.04,0.096,84.78,16065.0,test_proteome_1,0.1764,0.2512,5.99,0.033,0.053,0.118,305.0,187.0,85.0
5gwyB.pdb,3nawA1.pdb,0.965,4.48,0.054400000000000004,0.10039999999999999,54.91,24898.0,test_proteome_1,0.2246,0.2827,6.27,0.013,0.019,0.034,305.0,215.0,117.0
5gwyB.pdb,3gawA2.pdb,0.675,3.25,0.0137,0.08220000000000001,48.68,6438.0,test_proteome_1,0.124,0.3974,3.96,0.007,0.032,0.042,305.0,62.0,48.0
5gwyB.pdb,6xawA.pdb,0.504,1.99,0.0417,0.16670000000000001,76.83,5140.0,test_proteome_1,0.1137,0.325,4.01,0.02,0.087,0.133,305.0,69.0,45.0
5gwyB.pdb,3gawA6.pdb,0.748,3.41,0.0458,0.1069,67.45,12379.0,test_proteome_1,0.186,0.3436,5.04,0.007,0.016,0.024,305.0,125.0,83.0
5gwyB.pdb,3gawA16.pdb,0.597,3.4,0.0789,0.15789999999999998,69.25,11702.0,test_proteome_1,0.1572,0.2932,5.74,0.023,0.06,0.092,305.0,117.0,76.0
5gwyB.pdb,1iawA2.pdb,0.745,2.46,0.0421,0.1789,65.98,10018.0,test_proteome_1,0.1454,0.2581,5.83,0.013,0.033,0.055,305.0,120.0,73.0
5gwyB.pdb,1mawA1.pdb,0.742,3.18,0.0741,0.2593,80.53,16446.0,test_proteome_1,0.2093,0.3004,5.81,0.013,0.022,0.04,305.0,182.0,101.0
5gwyB.pdb,4pawA.pdb,0.647,2.93,0.084,0.20170000000000002,86.17,18131.0,test_proteome_1,0.1838,0.2473,6.2,0.003,0.005,0.011,305.0,197.0,94.0
5gwyB.pdb,3gawA4.pdb,0.676,3.38,0.0732,0.122,49.46,5600.0,test_proteome_1,0.1123,0.3973,3.48,0.007,0.036,0.048,305.0,56.0,42.0
5gwyB.pdb,7eawA3.pdb,0.579,2.83,0.045,0.1081,81.1,12213.0,test_proteome_1,0.1689,0.3009,5.48,0.02,0.046,0.076,305.0,131.0,79.0
5gwyB.pdb,7wawA1.pdb,0.634,2.89,0.0616,0.17120000000000002,105.24,20566.0,test_proteome_1,0.2286,0.2451,5.8,0.013,0.014,0.037,305.0,278.0,108.0
5gwyB.pdb,5cawA2.pdb,0.798,3.81,0.0471,0.1353,83.74,13668.0,test_proteome_1,0.2072,0.3212,5.97,0.03,0.057,0.087,305.0,159.0,103.0
5gwyB.pdb,6gawAE.pdb,0.736,4.35,0.0316,0.0895,106.27,31852.0,test_proteome_1,0.2389,0.2196,6.37,0.026,0.023,0.065,305.0,343.0,123.0
5gwyB.pdb,7eawA2.pdb,0.486,2.24,0.0154,0.0821,83.37,10615.0,test_proteome_1,0.158,0.2773,5.87,0.023,0.052,0.092,305.0,135.0,76.0
5gwyB.pdb,3gawA10.pdb,0.703,3.1,0.053,0.1439,68.11,12778.0,test_proteome_1,0.1709,0.31,5.4,0.013,0.032,0.05,305.0,126.0,80.0
5gwyB.pdb,3fawA.pdb,0.679,4.61,0.0223,0.07980000000000001,173.23,75960.0,test_proteome_1,0.3403,0.1711,6.87,0.043,0.017,0.069,305.0,775.0,189.0
5gwyB.pdb,3aawA2.pdb,0.664,3.21,0.040999999999999995,0.0984,71.38,7317.0,test_proteome_1,0.1149,0.3182,4.52,0.007,0.025,0.043,305.0,81.0,47.0
5gwyB.pdb,3nawA2.pdb,0.648,2.96,0.0533,0.16,86.56,13319.0,test_proteome_1,0.1892,0.2709,6.08,0.023,0.04,0.073,305.0,177.0,96.0
5gwyB.pdb,3fawA2.pdb,0.399,3.14,0.048799999999999996,0.1463,86.22,12784.0,test_proteome_1,0.1645,0.2962,5.33,0.03,0.072,0.117,305.0,125.0,77.0
5gwyB.pdb,6rawA1.pdb,0.817,3.13,0.0161,0.0806,61.45,17511.0,test_proteome_1,0.1945,0.2614,6.11,0.033,0.051,0.102,305.0,197.0,98.0
5gwyB.pdb,2vawA1.pdb,0.625,3.15,0.0667,0.1333,68.93,11213.0,test_proteome_1,0.1557,0.2893,5.14,0.013,0.031,0.058,305.0,128.0,69.0
5gwyB.pdb,6kawA.pdb,0.778,4.12,0.06709999999999999,0.1208,100.07,37653.0,test_proteome_1,0.2437,0.21,7.24,0.039,0.031,0.085,305.0,381.0,142.0
5gwyB.pdb,7aawA1.pdb,0.847,3.49,0.0556,0.1,59.91,11573.0,test_proteome_1,0.1616,0.3092,4.96,0.016,0.04,0.071,305.0,125.0,70.0
5gwyB.pdb,6oawA3.pdb,0.784,2.89,0.0678,0.2034,69.43,11636.0,test_proteome_1,0.1725,0.3107,5.81,0.013,0.031,0.048,305.0,128.0,83.0
5gwyB.pdb,3gawA12.pdb,0.805,3.08,0.060599999999999994,0.2121,45.07,6025.0,test_proteome_1,0.1032,0.3345,4.19,0.013,0.067,0.098,305.0,60.0,41.0
5gwyB.pdb,3aawA.pdb,0.717,3.93,0.0513,0.09119999999999999,106.84,34954.0,test_proteome_1,0.3214,0.2706,6.46,0.03,0.023,0.054,305.0,387.0,167.0
5gwyB.pdb,4qawA2.pdb,0.605,3.25,0.0647,0.1294,78.55,14897.0,test_proteome_1,0.1849,0.3226,4.71,0.013,0.028,0.051,305.0,143.0,79.0
5gwyB.pdb,1iawA1.pdb,0.775,2.27,0.056799999999999996,0.1591,69.01,15940.0,test_proteome_1,0.2021,0.2872,5.86,0.003,0.005,0.01,305.0,184.0,98.0
5gwyB.pdb,3nawA.pdb,0.899,4.94,0.035,0.1025,108.4,57763.0,test_proteome_1,0.2967,0.1795,6.81,0.033,0.016,0.062,305.0,607.0,162.0
5gwyB.pdb,6kawA2.pdb,0.485,3.08,0.0392,0.10779999999999999,93.16,16774.0,test_proteome_1,0.1898,0.2893,5.61,0.033,0.061,0.11,305.0,164.0,91.0
5gwyB.pdb,6hawA.pdb,0.767,4.44,0.044000000000000004,0.11259999999999999,112.33,37615.0,test_proteome_1,0.2951,0.227,6.2,0.023,0.016,0.046,305.0,438.0,151.0
5gwyB.pdb,3gawA9.pdb,0.603,3.43,0.11630000000000001,0.13949999999999999,54.42,6385.0,test_proteome_1,0.1176,0.426,3.32,0.01,0.05,0.07,305.0,60.0,43.0
5gwyB.pdb,3gawA8.pdb,0.78,3.37,0.05,0.2,46.83,6400.0,test_proteome_1,0.1148,0.3782,3.75,0.013,0.063,0.091,305.0,63.0,44.0
5gwyB.pdb,2mawA.pdb,0.677,3.81,0.06,0.17,86.6,11000.0,test_proteome_1,0.1523,0.2747,5.0,0.013,0.03,0.06,305.0,134.0,67.0
5gwyB.pdb,7wawA.pdb,0.832,2.89,0.0616,0.17120000000000002,105.24,38439.0,test_proteome_1,0.2906,0.2033,6.49,0.036,0.022,0.072,305.0,496.0,152.0
5gwyB.pdb,6rawA.pdb,0.943,5.09,0.0462,0.14150000000000001,92.47,48916.0,test_proteome_1,0.2908,0.1885,6.34,0.02,0.011,0.041,305.0,542.0,148.0
5gwyB.pdb,3aawA3.pdb,0.768,3.09,0.0441,0.0809,67.48,6902.0,test_proteome_1,0.1513,0.3998,4.67,0.02,0.071,0.097,305.0,85.0,62.0
5gwyB.pdb,4qawA.pdb,0.928,5.28,0.0404,0.125,99.96,53139.0,test_proteome_1,0.2692,0.1824,7.27,0.039,0.022,0.075,305.0,537.0,159.0
5gwyB.pdb,2b3oA1.pdb,0.523,3.17,0.037000000000000005,0.10289999999999999,100.5,18494.0,test_proteome_2,0.2062,0.2648,6.44,0.013,0.019,0.037,305.0,210.0,108.0
5gwyB.pdb,2b3oA2.pdb,0.353,3.85,0.0401,0.1371,143.17,26860.0,test_proteome_2,0.2488,0.2552,6.83,0.02,0.02,0.045,305.0,294.0,133.0
5gwyB.pdb,6b3oA.pdb,0.675,2.82,0.031200000000000002,0.1198,99.67,30939.0,test_proteome_2,0.1663,0.1518,5.5,0.007,0.006,0.026,305.0,344.0,77.0
5gwyB.pdb,2b3oA.pdb,0.599,3.85,0.0401,0.1371,143.17,47620.0,test_proteome_2,0.2767,0.192,6.55,0.026,0.016,0.055,305.0,504.0,146.0
m142.pdb,2nawA.pdb,0.8,3.21,0.0909,0.2727,45.82,2975.0,test_proteome_1,0.0811,0.4177,3.45,0.013,0.103,0.133,306.0,39.0,30.0
m142.pdb,2wawA.pdb,0.586,3.6,0.0385,0.1346,98.56,18419.0,test_proteome_1,0.2551,0.3534,5.15,0.016,0.025,0.044,306.0,197.0,114.0
m142.pdb,6gawAg.pdb,0.311,4.15,0.0332,0.10800000000000001,153.95,34101.0,test_proteome_1,0.3134,0.2833,6.75,0.036,0.031,0.065,306.0,353.0,169.0
m142.pdb,7eawA5.pdb,0.479,3.33,0.0339,0.08470000000000001,63.04,5325.0,test_proteome_1,0.1052,0.3981,2.86,0.0,0.0,0.0,306.0,62.0,37.0
m142.pdb,1mawA.pdb,0.304,4.08,0.041299999999999996,0.12390000000000001,166.17,33348.0,test_proteome_1,0.2435,0.2334,6.99,0.036,0.034,0.08,306.0,326.0,137.0
m142.pdb,3gawA14.pdb,0.87,3.46,0.0575,0.10339999999999999,48.3,4655.0,test_proteome_1,0.124,0.4047,3.56,0.01,0.048,0.064,306.0,62.0,47.0
m142.pdb,7aawA2.pdb,0.591,3.42,0.055099999999999996,0.1398,100.04,16422.0,test_proteome_1,0.2252,0.3194,5.74,0.016,0.026,0.047,306.0,190.0,106.0
m142.pdb,3gawA5.pdb,0.792,3.05,0.0851,0.1489,45.01,4241.0,test_proteome_1,0.1081,0.4046,3.76,0.016,0.088,0.122,306.0,57.0,41.0
m142.pdb,3gawA11.pdb,0.908,4.54,0.054299999999999994,0.0978,46.97,4189.0,test_proteome_1,0.1189,0.3722,4.0,0.0,0.0,0.0,306.0,60.0,47.0
m142.pdb,3cawA.pdb,0.327,4.73,0.0394,0.1408,159.92,28887.0,test_proteome_1,0.2432,0.2376,6.3,0.007,0.006,0.016,306.0,316.0,124.0
m142.pdb,6gawAo.pdb,0.353,3.47,0.0262,0.10490000000000001,188.53,59983.0,test_proteome_1,0.2731,0.1708,6.34,0.029,0.016,0.064,306.0,572.0,141.0
m142.pdb,3fawA1.pdb,0.364,3.47,0.0674,0.1124,67.06,5656.0,test_proteome_1,0.1446,0.3892,4.05,0.023,0.087,0.123,306.0,80.0,57.0
m142.pdb,7eawA1.pdb,0.446,2.82,0.0417,0.125,77.97,7391.0,test_proteome_1,0.1337,0.3407,4.81,0.01,0.039,0.052,306.0,76.0,58.0
m142.pdb,2dawA.pdb,0.29,3.38,0.0412,0.134,112.5,15085.0,test_proteome_1,0.1965,0.3267,5.01,0.007,0.013,0.023,306.0,154.0,86.0
m142.pdb,7dawA.pdb,0.399,2.13,0.0433,0.09519999999999999,108.48,23573.0,test_proteome_1,0.2482,0.2728,6.31,0.023,0.026,0.055,306.0,267.0,128.0
m142.pdb,6gawAh.pdb,0.406,3.01,0.0252,0.1195,101.41,12535.0,test_proteome_1,0.1418,0.2898,4.02,0.013,0.033,0.07,306.0,120.0,57.0
m142.pdb,5cawA.pdb,0.52,2.75,0.0335,0.0929,109.53,23916.0,test_proteome_1,0.2266,0.2307,6.74,0.026,0.027,0.065,306.0,298.0,124.0
m142.pdb,7rawA.pdb,0.429,3.86,0.0548,0.11289999999999999,120.6,21552.0,test_proteome_1,0.2894,0.3472,5.7,0.023,0.03,0.049,306.0,235.0,142.0
m142.pdb,6gawAp.pdb,0.765,4.27,0.0246,0.0739,81.05,17115.0,test_proteome_1,0.1632,0.2295,5.48,0.01,0.016,0.039,306.0,190.0,76.0
m142.pdb,3cawA1.pdb,0.219,2.94,0.0447,0.11380000000000001,136.2,15976.0,test_proteome_1,0.2507,0.3484,5.27,0.013,0.021,0.035,306.0,193.0,115.0
m142.pdb,3gawA1.pdb,0.884,3.54,0.0851,0.0851,41.71,5130.0,test_proteome_1,0.1149,0.3526,3.32,0.01,0.048,0.07,306.0,63.0,43.0
m142.pdb,7aawA.pdb,0.685,4.72,0.0305,0.122,118.71,27068.0,test_proteome_1,0.2225,0.2182,6.9,0.02,0.019,0.048,306.0,315.0,124.0
m142.pdb,3fawA4.pdb,0.662,4.15,0.0547,0.135,146.24,45450.0,test_proteome_1,0.2837,0.2084,6.91,0.02,0.013,0.038,306.0,475.0,159.0
m142.pdb,3gawA3.pdb,0.844,3.72,0.025,0.1167,53.49,9360.0,test_proteome_1,0.1385,0.2628,4.85,0.016,0.041,0.082,306.0,121.0,61.0
m142.pdb,6gawAe.pdb,0.288,3.46,0.0387,0.1549,168.6,41634.0,test_proteome_1,0.303,0.2563,6.77,0.033,0.026,0.061,306.0,388.0,164.0
m142.pdb,4qawA1.pdb,0.463,3.49,0.047,0.11289999999999999,143.48,34716.0,test_proteome_1,0.3119,0.2603,6.38,0.023,0.018,0.043,306.0,394.0,163.0
m142.pdb,6dawA.pdb,0.706,4.04,0.031200000000000002,0.09720000000000001,110.5,30308.0,test_proteome_1,0.2841,0.2634,6.87,0.026,0.023,0.051,306.0,342.0,158.0
m142.pdb,7eawA.pdb,0.418,5.74,0.0226,0.1199,188.11,55317.0,test_proteome_1,0.3492,0.2181,6.2,0.029,0.016,0.053,306.0,560.0,171.0
m142.pdb,6oawA2.pdb,0.614,2.72,0.0706,0.1294,70.06,7956.0,test_proteome_1,0.1204,0.306,4.47,0.016,0.059,0.1,306.0,85.0,50.0
m142.pdb,3gawA15.pdb,0.747,3.44,0.0213,0.0745,45.6,4159.0,test_proteome_1,0.1162,0.3671,3.98,0.016,0.085,0.109,306.0,59.0,46.0
m142.pdb,5cawA1.pdb,0.952,3.77,0.0203,0.0541,44.39,10789.0,test_proteome_1,0.1514,0.2446,6.09,0.01,0.022,0.038,306.0,139.0,79.0
m142.pdb,7eawA4.pdb,0.19,1.82,0.0115,0.1092,121.08,14400.0,test_proteome_1,0.2119,0.3477,4.98,0.016,0.032,0.054,306.0,156.0,93.0
m142.pdb,6gawAC.pdb,0.395,3.02,0.052199999999999996,0.1343,107.32,12477.0,test_proteome_1,0.1969,0.3598,4.88,0.023,0.053,0.081,306.0,132.0,86.0
m142.pdb,3fawA3.pdb,0.732,3.52,0.0611,0.11109999999999999,56.13,7077.0,test_proteome_1,0.1386,0.3235,4.26,0.026,0.084,0.14,306.0,95.0,57.0
m142.pdb,2vawA.pdb,0.38,4.51,0.0218,0.1063,155.18,29867.0,test_proteome_1,0.294,0.2879,6.17,0.036,0.035,0.075,306.0,315.0,147.0
m142.pdb,7wawA2.pdb,0.087,3.62,0.029300000000000003,0.1042,184.12,23194.0,test_proteome_1,0.2237,0.2804,6.5,0.026,0.037,0.067,306.0,218.0,120.0
m142.pdb,7rawA1.pdb,0.792,3.44,0.034300000000000004,0.10859999999999999,69.49,12823.0,test_proteome_1,0.1852,0.2991,5.6,0.026,0.051,0.093,306.0,158.0,86.0
m142.pdb,1uawA.pdb,0.872,4.28,0.0467,0.1589,60.47,6298.0,test_proteome_1,0.1364,0.3456,4.45,0.007,0.026,0.035,306.0,77.0,57.0
m142.pdb,3nawA3.pdb,0.255,2.43,0.0333,0.1056,122.93,20840.0,test_proteome_1,0.2709,0.3445,6.52,0.026,0.037,0.056,306.0,215.0,142.0
m142.pdb,6rawA2.pdb,0.527,5.36,0.0344,0.1005,144.21,32862.0,test_proteome_1,0.3016,0.2775,6.45,0.039,0.035,0.075,306.0,345.0,160.0
m142.pdb,3aawA1.pdb,0.278,4.3,0.0381,0.08650000000000001,160.15,19964.0,test_proteome_1,0.2273,0.2865,5.3,0.036,0.05,0.104,306.0,221.0,106.0
m142.pdb,3cawA2.pdb,0.679,3.01,0.0345,0.09480000000000001,76.09,12439.0,test_proteome_1,0.1646,0.3371,4.98,0.013,0.033,0.058,306.0,123.0,69.0
m142.pdb,6hawA2.pdb,0.172,3.23,0.0446,0.11900000000000001,165.26,20650.0,test_proteome_1,0.236,0.3033,5.36,0.029,0.041,0.083,306.0,218.0,108.0
m142.pdb,3gawA7.pdb,0.892,2.79,0.054900000000000004,0.07690000000000001,48.8,4367.0,test_proteome_1,0.1172,0.3325,4.45,0.013,0.063,0.082,306.0,63.0,49.0
m142.pdb,6hawA1.pdb,0.447,5.78,0.0424,0.1413,145.35,21026.0,test_proteome_1,0.2164,0.2734,6.11,0.023,0.032,0.065,306.0,220.0,108.0
m142.pdb,6oawA1.pdb,0.133,1.91,0.0513,0.1026,134.71,16029.0,test_proteome_1,0.1688,0.2523,6.05,0.026,0.048,0.094,306.0,166.0,85.0
m142.pdb,3gawA.pdb,0.994,2.48,0.0281,0.0449,66.37,103164.0,test_proteome_1,0.2042,0.0689,6.42,0.016,0.004,0.047,306.0,1213.0,106.0
m142.pdb,3gawA13.pdb,0.751,3.35,0.0426,0.10640000000000001,45.34,4347.0,test_proteome_1,0.1136,0.3626,3.43,0.0,0.0,0.0,306.0,59.0,43.0
m142.pdb,1iawA.pdb,0.299,3.26,0.0519,0.15560000000000002,143.22,25224.0,test_proteome_1,0.2483,0.2496,6.0,0.036,0.036,0.091,306.0,304.0,121.0
m142.pdb,6oawA.pdb,0.48,4.32,0.0817,0.158,147.56,35937.0,test_proteome_1,0.2734,0.2356,6.5,0.016,0.013,0.034,306.0,379.0,147.0
m142.pdb,6kawA1.pdb,0.772,3.37,0.016200000000000003,0.0891,79.31,15614.0,test_proteome_1,0.2241,0.2821,6.14,0.029,0.041,0.078,306.0,217.0,115.0
m142.pdb,6gawAG.pdb,0.212,2.71,0.044000000000000004,0.1502,141.85,21213.0,test_proteome_1,0.2459,0.3243,5.46,0.003,0.005,0.009,306.0,208.0,115.0
m142.pdb,7rawA2.pdb,0.447,2.63,0.0417,0.0833,81.73,7881.0,test_proteome_1,0.1328,0.4045,4.29,0.013,0.052,0.077,306.0,77.0,52.0
m142.pdb,1mawA2.pdb,0.434,3.65,0.0102,0.12689999999999999,114.18,14716.0,test_proteome_1,0.195,0.3444,4.71,0.036,0.076,0.134,306.0,144.0,82.0
m142.pdb,2vawA2.pdb,0.307,3.74,0.0382,0.12210000000000001,135.99,18089.0,test_proteome_1,0.2223,0.3079,5.91,0.033,0.053,0.09,306.0,187.0,111.0
m142.pdb,3nawA1.pdb,0.816,3.05,0.0265,0.0758,68.7,22336.0,test_proteome_1,0.2515,0.317,6.27,0.039,0.056,0.091,306.0,215.0,132.0
m142.pdb,3gawA2.pdb,0.883,3.52,0.023,0.092,47.14,4894.0,test_proteome_1,0.1148,0.381,3.58,0.01,0.048,0.07,306.0,62.0,43.0
m142.pdb,6xawA.pdb,0.23,2.76,0.0833,0.125,97.43,7222.0,test_proteome_1,0.1585,0.5199,3.21,0.023,0.101,0.121,306.0,69.0,58.0
m142.pdb,3gawA6.pdb,0.78,2.25,0.015700000000000002,0.0866,57.3,10020.0,test_proteome_1,0.163,0.3069,4.6,0.02,0.048,0.086,306.0,125.0,70.0
m142.pdb,3gawA16.pdb,0.889,3.1,0.053399999999999996,0.1069,50.65,8815.0,test_proteome_1,0.1176,0.2546,4.1,0.01,0.026,0.065,306.0,117.0,46.0
m142.pdb,1iawA2.pdb,0.864,4.07,0.0583,0.10679999999999999,57.41,10114.0,test_proteome_1,0.1616,0.3144,4.79,0.0,0.0,0.0,306.0,120.0,70.0
m142.pdb,1mawA1.pdb,0.272,3.38,0.041299999999999996,0.1198,129.4,18792.0,test_proteome_1,0.2105,0.3033,5.64,0.02,0.033,0.06,306.0,182.0,100.0
m142.pdb,4pawA.pdb,0.492,3.62,0.061500000000000006,0.1564,104.42,17089.0,test_proteome_1,0.2005,0.2694,6.44,0.016,0.025,0.048,306.0,197.0,105.0
m142.pdb,3gawA4.pdb,0.782,3.04,0.057699999999999994,0.17309999999999998,44.31,4269.0,test_proteome_1,0.1144,0.3897,3.51,0.007,0.036,0.047,306.0,56.0,43.0
m142.pdb,7eawA3.pdb,0.499,2.51,0.04190000000000001,0.11380000000000001,93.76,13162.0,test_proteome_1,0.1975,0.3533,5.22,0.026,0.061,0.089,306.0,131.0,90.0
m142.pdb,7wawA1.pdb,0.131,3.35,0.047400000000000005,0.1058,178.32,29457.0,test_proteome_1,0.2407,0.2583,6.07,0.036,0.04,0.093,306.0,278.0,118.0
m142.pdb,5cawA2.pdb,0.41,2.51,0.0552,0.1517,96.68,13262.0,test_proteome_1,0.1941,0.3027,5.53,0.007,0.013,0.022,306.0,159.0,93.0
m142.pdb,6gawAE.pdb,0.424,3.37,0.0375,0.10490000000000001,131.58,28930.0,test_proteome_1,0.2328,0.2154,6.94,0.029,0.026,0.069,306.0,343.0,130.0
m142.pdb,7eawA2.pdb,0.186,2.83,0.044199999999999996,0.1602,117.84,12149.0,test_proteome_1,0.194,0.3663,4.65,0.013,0.03,0.05,306.0,135.0,80.0
m142.pdb,3gawA10.pdb,0.834,4.11,0.042699999999999995,0.09759999999999999,60.5,9935.0,test_proteome_1,0.1567,0.284,5.22,0.007,0.016,0.028,306.0,126.0,72.0
m142.pdb,3fawA.pdb,0.788,6.74,0.0479,0.1092,161.59,71667.0,test_proteome_1,0.319,0.1625,7.01,0.036,0.014,0.06,306.0,775.0,182.0
m142.pdb,3aawA2.pdb,0.305,2.77,0.050499999999999996,0.1616,87.55,7012.0,test_proteome_1,0.1393,0.3792,3.57,0.01,0.037,0.057,306.0,81.0,53.0
m142.pdb,3nawA2.pdb,0.171,3.36,0.0528,0.11789999999999999,148.21,17424.0,test_proteome_1,0.2617,0.4019,4.38,0.02,0.034,0.056,306.0,177.0,107.0
m142.pdb,3fawA2.pdb,0.753,3.32,0.0177,0.115,67.44,10147.0,test_proteome_1,0.1452,0.2706,5.07,0.016,0.04,0.077,306.0,125.0,65.0
m142.pdb,6rawA1.pdb,0.465,3.15,0.0349,0.13949999999999999,105.46,18765.0,test_proteome_1,0.2103,0.2858,5.82,0.007,0.01,0.019,306.0,197.0,103.0
m142.pdb,2vawA1.pdb,0.389,3.28,0.056100000000000004,0.13269999999999998,98.26,12202.0,test_proteome_1,0.164,0.305,4.92,0.02,0.047,0.083,306.0,128.0,72.0
m142.pdb,6kawA.pdb,0.725,3.05,0.029300000000000003,0.0989,87.43,28471.0,test_proteome_1,0.3406,0.2897,6.14,0.013,0.01,0.024,306.0,381.0,170.0
m142.pdb,7aawA1.pdb,0.77,2.82,0.060599999999999994,0.14550000000000002,62.7,10873.0,test_proteome_1,0.1393,0.253,5.47,0.003,0.008,0.015,306.0,125.0,66.0
m142.pdb,6oawA3.pdb,0.474,3.11,0.078,0.1844,93.92,11414.0,test_proteome_1,0.1597,0.2984,5.34,0.013,0.031,0.056,306.0,128.0,72.0
m142.pdb,3gawA12.pdb,0.786,3.01,0.0784,0.1373,44.24,4632.0,test_proteome_1,0.1272,0.399,3.96,0.01,0.05,0.06,306.0,60.0,50.0
m142.pdb,3aawA.pdb,0.492,4.3,0.0381,0.08650000000000001,160.15,35000.0,test_proteome_1,0.3255,0.2738,5.92,0.036,0.028,0.068,306.0,387.0,161.0
m142.pdb,4qawA2.pdb,0.873,2.52,0.031,0.08529999999999999,57.77,11350.0,test_proteome_1,0.1628,0.2825,5.49,0.033,0.07,0.133,306.0,143.0,75.0
m142.pdb,1iawA1.pdb,0.367,3.12,0.049400000000000006,0.11109999999999999,117.01,16267.0,test_proteome_1,0.2235,0.3254,5.2,0.013,0.022,0.04,306.0,184.0,100.0
m142.pdb,3nawA.pdb,0.477,3.24,0.031200000000000002,0.125,164.66,63489.0,test_proteome_1,0.2962,0.1794,6.77,0.049,0.025,0.093,306.0,607.0,161.0
m142.pdb,6kawA2.pdb,0.565,3.04,0.0288,0.08650000000000001,84.95,12461.0,test_proteome_1,0.1894,0.293,5.87,0.013,0.024,0.043,306.0,164.0,92.0
m142.pdb,6hawA.pdb,0.274,3.96,0.0403,0.1184,180.14,41515.0,test_proteome_1,0.3075,0.238,6.81,0.052,0.037,0.096,306.0,438.0,167.0
m142.pdb,3gawA9.pdb,0.91,3.51,0.0115,0.10339999999999999,43.55,4881.0,test_proteome_1,0.1143,0.4004,3.32,0.01,0.05,0.071,306.0,60.0,42.0
m142.pdb,3gawA8.pdb,0.81,2.05,0.09519999999999999,0.1905,41.0,4981.0,test_proteome_1,0.1159,0.3507,4.27,0.007,0.032,0.043,306.0,63.0,47.0
m142.pdb,2mawA.pdb,0.126,3.23,0.0292,0.1125,138.3,14065.0,test_proteome_1,0.2059,0.395,4.61,0.016,0.037,0.06,306.0,134.0,84.0
m142.pdb,7wawA.pdb,0.234,3.4,0.0492,0.1354,200.6,54051.0,test_proteome_1,0.3545,0.2469,6.58,0.049,0.03,0.082,306.0,496.0,184.0
m142.pdb,6rawA.pdb,0.643,6.12,0.0557,0.1198,155.05,53430.0,test_proteome_1,0.3002,0.1966,6.5,0.042,0.024,0.083,306.0,542.0,157.0
m142.pdb,3aawA3.pdb,0.29,2.53,0.0336,0.1074,93.05,7023.0,test_proteome_1,0.1274,0.3653,3.55,0.007,0.024,0.043,306.0,85.0,47.0
m142.pdb,4qawA.pdb,0.616,3.49,0.047,0.11289999999999999,143.48,47225.0,test_proteome_1,0.3157,0.2081,6.39,0.02,0.011,0.037,306.0,537.0,164.0
m142.pdb,2b3oA1.pdb,0.58,2.73,0.0407,0.1185,97.07,16264.0,test_proteome_2,0.2091,0.2706,5.86,0.016,0.024,0.048,306.0,210.0,104.0
m142.pdb,2b3oA2.pdb,0.426,5.32,0.0327,0.098,150.72,26798.0,test_proteome_2,0.2382,0.2444,7.02,0.026,0.027,0.058,306.0,294.0,137.0
m142.pdb,6b3oA.pdb,0.409,2.52,0.047599999999999996,0.1082,121.92,31731.0,test_proteome_2,0.1299,0.1175,6.21,0.007,0.006,0.034,306.0,344.0,58.0
m142.pdb,2b3oA.pdb,0.595,4.21,0.0395,0.1017,169.91,45215.0,test_proteome_2,0.2936,0.2033,6.32,0.033,0.02,0.066,306.0,504.0,152.0
1igtB3.pdb,2nawA.pdb,0.836,0.96,0.0,0.0,22.63,713.0,test_proteome_1,0.1335,0.2198,3.31,0.019,0.051,0.091,108.0,39.0,22.0
1igtB3.pdb,2wawA.pdb,0.454,3.16,0.0338,0.08779999999999999,59.79,5793.0,test_proteome_1,0.2955,0.1985,4.43,0.037,0.02,0.068,108.0,197.0,59.0
1igtB3.pdb,6gawAg.pdb,0.97,3.16,0.0,0.0926,44.83,9229.0,test_proteome_1,0.3436,0.1555,5.24,0.028,0.008,0.037,108.0,353.0,80.0
1igtB3.pdb,7eawA5.pdb,0.931,3.09,0.0417,0.16670000000000001,21.28,916.0,test_proteome_1,0.1946,0.2643,4.27,0.0,0.0,0.0,108.0,62.0,37.0
1igtB3.pdb,1mawA.pdb,0.962,3.37,0.0345,0.10339999999999999,38.65,6749.0,test_proteome_1,0.314,0.1494,5.07,0.056,0.018,0.085,108.0,326.0,71.0
1igtB3.pdb,3gawA14.pdb,0.189,3.12,0.075,0.1375,46.31,2333.0,test_proteome_1,0.2702,0.3677,3.95,0.037,0.065,0.082,108.0,62.0,49.0
1igtB3.pdb,7aawA2.pdb,0.618,3.67,0.013999999999999999,0.09789999999999999,48.68,5193.0,test_proteome_1,0.301,0.2027,4.44,0.0,0.0,0.0,108.0,190.0,57.0
1igtB3.pdb,3gawA5.pdb,0.321,3.2,0.06849999999999999,0.1507,43.14,2056.0,test_proteome_1,0.2584,0.3732,3.67,0.046,0.088,0.114,108.0,57.0,44.0
1igtB3.pdb,3gawA11.pdb,0.467,6.46,0.02,0.09,46.29,2183.0,test_proteome_1,0.2971,0.4296,3.4,0.009,0.017,0.021,108.0,60.0,48.0
1igtB3.pdb,3cawA.pdb,0.91,2.83,0.0325,0.08130000000000001,60.74,8797.0,test_proteome_1,0.326,0.1564,4.81,0.037,0.013,0.057,108.0,316.0,70.0
1igtB3.pdb,6gawAo.pdb,0.995,2.23,0.069,0.1724,34.44,9180.0,test_proteome_1,0.2655,0.0757,5.2,0.019,0.003,0.036,108.0,572.0,56.0
1igtB3.pdb,3fawA1.pdb,0.0132,3.37,0.0388,0.1553,73.69,2724.0,test_proteome_1,0.4529,0.5622,3.32,0.037,0.05,0.056,108.0,80.0,71.0
1igtB3.pdb,7eawA1.pdb,0.887,3.8,0.11359999999999999,0.1364,27.67,1302.0,test_proteome_1,0.2111,0.262,4.35,0.009,0.013,0.025,108.0,76.0,40.0
1igtB3.pdb,2dawA.pdb,0.304,3.21,0.0513,0.11109999999999999,69.92,4104.0,test_proteome_1,0.337,0.2617,4.2,0.028,0.019,0.05,108.0,154.0,60.0
1igtB3.pdb,7dawA.pdb,0.511,3.14,0.016,0.048,70.6,8029.0,test_proteome_1,0.3205,0.1765,5.54,0.037,0.015,0.053,108.0,267.0,75.0
1igtB3.pdb,6gawAh.pdb,0.946,4.09,0.10529999999999999,0.21050000000000002,29.49,2027.0,test_proteome_1,0.245,0.2299,4.66,0.028,0.025,0.059,108.0,120.0,51.0
1igtB3.pdb,5cawA.pdb,0.894,3.27,0.0226,0.0827,48.47,9731.0,test_proteome_1,0.2799,0.1326,4.35,0.019,0.007,0.038,108.0,298.0,53.0
1igtB3.pdb,7rawA.pdb,0.543,2.92,0.0625,0.1771,69.54,7579.0,test_proteome_1,0.3079,0.1791,4.29,0.028,0.013,0.05,108.0,235.0,60.0
1igtB3.pdb,6gawAp.pdb,0.894,3.08,0.048799999999999996,0.19510000000000002,35.29,5284.0,test_proteome_1,0.2146,0.1537,5.57,0.0,0.0,0.0,108.0,190.0,53.0
1igtB3.pdb,3cawA1.pdb,0.431,3.43,0.0617,0.1358,56.53,4552.0,test_proteome_1,0.2619,0.1787,4.66,0.019,0.01,0.037,108.0,193.0,54.0
1igtB3.pdb,3gawA1.pdb,0.182,3.02,0.0375,0.125,46.13,2292.0,test_proteome_1,0.2638,0.3402,4.12,0.009,0.016,0.02,108.0,63.0,51.0
1igtB3.pdb,7aawA.pdb,0.83,3.31,0.0709,0.1496,62.08,9969.0,test_proteome_1,0.2858,0.1328,5.28,0.009,0.003,0.016,108.0,315.0,61.0
1igtB3.pdb,3fawA4.pdb,0.994,1.96,0.08,0.2,32.32,13052.0,test_proteome_1,0.325,0.1112,5.37,0.019,0.004,0.028,108.0,475.0,72.0
1igtB3.pdb,3gawA3.pdb,0.138,3.04,0.0723,0.1084,58.82,4553.0,test_proteome_1,0.3413,0.3158,3.76,0.046,0.041,0.085,108.0,121.0,59.0
1igtB3.pdb,6gawAe.pdb,0.989,3.5,0.014499999999999999,0.1014,28.09,6348.0,test_proteome_1,0.2233,0.0913,5.25,0.0,0.0,0.0,108.0,388.0,50.0
1igtB3.pdb,4qawA1.pdb,0.871,2.87,0.07,0.21,80.78,12842.0,test_proteome_1,0.4013,0.1334,3.32,0.037,0.01,0.066,108.0,394.0,61.0
1igtB3.pdb,6dawA.pdb,0.958,2.29,0.0345,0.069,44.22,10277.0,test_proteome_1,0.3612,0.161,5.06,0.074,0.023,0.103,108.0,342.0,78.0
1igtB3.pdb,7eawA.pdb,0.977,3.43,0.027999999999999997,0.0654,56.54,12542.0,test_proteome_1,0.2823,0.0883,5.28,0.046,0.009,0.076,108.0,560.0,66.0
1igtB3.pdb,6oawA2.pdb,0.695,4.47,0.0462,0.09230000000000001,37.59,1987.0,test_proteome_1,0.2588,0.2974,4.38,0.0,0.0,0.0,108.0,85.0,49.0
1igtB3.pdb,3gawA15.pdb,0.245,3.32,0.075,0.1875,43.75,2139.0,test_proteome_1,0.3105,0.4717,3.23,0.019,0.034,0.043,108.0,59.0,47.0
1igtB3.pdb,5cawA1.pdb,0.68,2.45,0.029900000000000003,0.059699999999999996,46.53,4991.0,test_proteome_1,0.2456,0.2092,4.82,0.037,0.029,0.08,108.0,139.0,50.0
1igtB3.pdb,7eawA4.pdb,0.932,3.18,0.09759999999999999,0.18289999999999998,26.43,3160.0,test_proteome_1,0.2776,0.22,4.86,0.028,0.019,0.052,108.0,156.0,58.0
1igtB3.pdb,6gawAC.pdb,0.586,2.84,0.013300000000000001,0.1067,50.73,3654.0,test_proteome_1,0.2992,0.2612,4.15,0.056,0.045,0.109,108.0,132.0,55.0
1igtB3.pdb,3fawA3.pdb,0.367,3.46,0.0632,0.1474,57.05,3048.0,test_proteome_1,0.3442,0.377,3.46,0.037,0.042,0.071,108.0,95.0,56.0
1igtB3.pdb,2vawA.pdb,0.72,3.03,0.0388,0.1165,61.12,7853.0,test_proteome_1,0.3423,0.1532,4.15,0.037,0.013,0.063,108.0,315.0,63.0
1igtB3.pdb,7wawA2.pdb,0.987,3.32,0.0702,0.1404,22.7,2434.0,test_proteome_1,0.2919,0.1779,4.97,0.0,0.0,0.0,108.0,218.0,59.0
1igtB3.pdb,7rawA1.pdb,0.367,2.92,0.0625,0.1771,69.54,6328.0,test_proteome_1,0.2733,0.2128,4.76,0.065,0.044,0.125,108.0,158.0,56.0
1igtB3.pdb,1uawA.pdb,0.0847,3.0,0.026699999999999998,0.12,59.86,2286.0,test_proteome_1,0.3671,0.4496,3.9,0.046,0.065,0.076,108.0,77.0,66.0
1igtB3.pdb,3nawA3.pdb,0.692,3.23,0.0408,0.09179999999999999,47.44,4291.0,test_proteome_1,0.2854,0.1798,4.53,0.019,0.009,0.034,108.0,215.0,58.0
1igtB3.pdb,6rawA2.pdb,0.871,2.68,0.0519,0.1039,51.91,8383.0,test_proteome_1,0.376,0.1516,3.96,0.046,0.014,0.076,108.0,345.0,66.0
1igtB3.pdb,3aawA1.pdb,0.947,2.8,0.0536,0.1429,36.73,5599.0,test_proteome_1,0.323,0.1975,4.72,0.037,0.018,0.061,108.0,221.0,66.0
1igtB3.pdb,3cawA2.pdb,0.837,3.22,0.0682,0.11359999999999999,30.18,3182.0,test_proteome_1,0.2224,0.2047,5.43,0.028,0.024,0.062,108.0,123.0,48.0
1igtB3.pdb,6hawA2.pdb,0.594,3.04,0.0404,0.1313,55.89,5380.0,test_proteome_1,0.4939,0.293,3.91,0.065,0.032,0.08,108.0,218.0,87.0
1igtB3.pdb,3gawA7.pdb,0.121,3.01,0.035699999999999996,0.10710000000000001,52.73,2273.0,test_proteome_1,0.3159,0.4544,2.83,0.028,0.048,0.064,108.0,63.0,47.0
1igtB3.pdb,6hawA1.pdb,0.141,3.07,0.051500000000000004,0.1753,68.52,4857.0,test_proteome_1,0.4553,0.2708,3.99,0.046,0.023,0.061,108.0,220.0,82.0
1igtB3.pdb,6oawA1.pdb,0.723,3.2,0.0493,0.0986,36.99,3209.0,test_proteome_1,0.2843,0.2133,4.6,0.009,0.006,0.018,108.0,166.0,56.0
1igtB3.pdb,3gawA.pdb,0.992,3.34,0.0345,0.0747,66.28,54930.0,test_proteome_1,0.3092,0.0411,3.84,0.065,0.006,0.127,108.0,1213.0,55.0
1igtB3.pdb,3gawA13.pdb,0.274,3.1,0.0127,0.0886,42.07,2209.0,test_proteome_1,0.2767,0.3913,3.62,0.019,0.034,0.043,108.0,59.0,47.0
1igtB3.pdb,1iawA.pdb,0.401,3.18,0.026699999999999998,0.1333,76.63,8215.0,test_proteome_1,0.3532,0.1788,5.19,0.065,0.023,0.085,108.0,304.0,82.0
1igtB3.pdb,6oawA.pdb,0.931,3.24,0.0584,0.1364,53.06,9492.0,test_proteome_1,0.2504,0.1003,4.48,0.019,0.005,0.04,108.0,379.0,50.0
1igtB3.pdb,6kawA1.pdb,0.288,3.13,0.075,0.15,89.22,8908.0,test_proteome_1,0.3227,0.1997,4.53,0.028,0.014,0.046,108.0,217.0,65.0
1igtB3.pdb,6gawAG.pdb,0.811,3.27,0.0449,0.12359999999999999,41.47,4119.0,test_proteome_1,0.231,0.1524,5.16,0.019,0.01,0.038,108.0,208.0,52.0
1igtB3.pdb,7rawA2.pdb,0.944,3.36,0.0286,0.0857,22.64,880.0,test_proteome_1,0.2092,0.2468,5.14,0.037,0.052,0.083,108.0,77.0,48.0
1igtB3.pdb,1mawA2.pdb,0.983,3.51,0.09519999999999999,0.09519999999999999,22.35,2142.0,test_proteome_1,0.2391,0.1999,5.08,0.019,0.014,0.038,108.0,144.0,53.0
1igtB3.pdb,2vawA2.pdb,0.472,3.03,0.0388,0.1165,61.12,4351.0,test_proteome_1,0.3672,0.2403,3.31,0.056,0.032,0.102,108.0,187.0,59.0
1igtB3.pdb,3nawA1.pdb,0.958,3.05,0.049400000000000006,0.0864,31.78,8071.0,test_proteome_1,0.2286,0.1465,5.24,0.056,0.028,0.118,108.0,215.0,51.0
1igtB3.pdb,3gawA2.pdb,0.371,3.68,0.029900000000000003,0.1045,45.18,2529.0,test_proteome_1,0.2755,0.3729,3.8,0.037,0.065,0.082,108.0,62.0,49.0
1igtB3.pdb,6xawA.pdb,0.923,1.32,0.0,0.3333,22.07,675.0,test_proteome_1,0.251,0.3224,4.44,0.0,0.0,0.0,108.0,69.0,48.0
1igtB3.pdb,3gawA6.pdb,0.54,3.15,0.0392,0.0882,44.92,4440.0,test_proteome_1,0.3484,0.3161,4.63,0.028,0.024,0.045,108.0,125.0,67.0
1igtB3.pdb,3gawA16.pdb,0.284,3.19,0.0079,0.0394,59.05,4607.0,test_proteome_1,0.3023,0.2864,4.03,0.028,0.026,0.056,108.0,117.0,54.0
1igtB3.pdb,1iawA2.pdb,0.732,3.28,0.0405,0.08109999999999999,44.69,3034.0,test_proteome_1,0.2847,0.266,4.18,0.037,0.033,0.074,108.0,120.0,54.0
1igtB3.pdb,1mawA1.pdb,0.84,3.36,0.0,0.0408,31.97,4032.0,test_proteome_1,0.2844,0.2058,5.21,0.046,0.027,0.077,108.0,182.0,65.0
1igtB3.pdb,4pawA.pdb,0.871,3.17,0.036000000000000004,0.17120000000000002,37.29,5999.0,test_proteome_1,0.2969,0.2064,5.58,0.037,0.02,0.056,108.0,197.0,72.0
1igtB3.pdb,3gawA4.pdb,0.51,3.44,0.0429,0.0857,49.13,2263.0,test_proteome_1,0.2667,0.3776,3.4,0.0,0.0,0.0,108.0,56.0,45.0
1igtB3.pdb,7eawA3.pdb,0.829,3.04,0.0,0.125,34.23,2971.0,test_proteome_1,0.2532,0.2258,4.78,0.019,0.015,0.037,108.0,131.0,54.0
1igtB3.pdb,7wawA1.pdb,0.993,3.39,0.0435,0.087,23.09,3030.0,test_proteome_1,0.3125,0.1583,4.5,0.074,0.029,0.131,108.0,278.0,61.0
1igtB3.pdb,5cawA2.pdb,0.757,1.62,0.05,0.2,37.02,4175.0,test_proteome_1,0.2727,0.2074,4.1,0.065,0.044,0.143,108.0,159.0,49.0
1igtB3.pdb,6gawAE.pdb,0.662,3.48,0.0583,0.12619999999999998,70.54,11702.0,test_proteome_1,0.3058,0.1413,5.08,0.009,0.003,0.014,108.0,343.0,70.0
1igtB3.pdb,7eawA2.pdb,0.715,1.95,0.031200000000000002,0.09380000000000001,44.99,2405.0,test_proteome_1,0.2295,0.1972,4.15,0.019,0.015,0.048,108.0,135.0,42.0
1igtB3.pdb,3gawA10.pdb,0.155,3.04,0.048799999999999996,0.1463,59.89,4854.0,test_proteome_1,0.3048,0.2754,3.99,0.019,0.016,0.036,108.0,126.0,56.0
1igtB3.pdb,3fawA.pdb,0.954,4.43,0.0332,0.08529999999999999,95.06,25153.0,test_proteome_1,0.556,0.1036,3.39,0.028,0.004,0.034,108.0,775.0,89.0
1igtB3.pdb,3aawA2.pdb,0.0729,3.03,0.08539999999999999,0.2073,54.62,2357.0,test_proteome_1,0.4101,0.4971,3.82,0.056,0.074,0.086,108.0,81.0,70.0
1igtB3.pdb,3nawA2.pdb,0.985,3.13,0.0833,0.11109999999999999,22.97,2439.0,test_proteome_1,0.2614,0.1896,4.8,0.028,0.017,0.055,108.0,177.0,55.0
1igtB3.pdb,3fawA2.pdb,0.128,3.19,0.0625,0.2188,85.21,4907.0,test_proteome_1,0.501,0.4499,3.79,0.009,0.008,0.012,108.0,125.0,82.0
1igtB3.pdb,6rawA1.pdb,0.816,3.16,0.0526,0.10529999999999999,37.88,4753.0,test_proteome_1,0.2465,0.1646,5.09,0.019,0.01,0.038,108.0,197.0,52.0
1igtB3.pdb,2vawA1.pdb,0.929,3.18,0.0,0.1765,30.75,3017.0,test_proteome_1,0.3171,0.2859,4.85,0.028,0.023,0.043,108.0,128.0,70.0
1igtB3.pdb,6kawA.pdb,0.548,3.29,0.0556,0.11109999999999999,89.73,16691.0,test_proteome_1,0.3273,0.135,4.92,0.019,0.005,0.028,108.0,381.0,71.0
1igtB3.pdb,7aawA1.pdb,0.43,3.45,0.043,0.1935,49.62,3839.0,test_proteome_1,0.2734,0.247,4.34,0.056,0.048,0.122,108.0,125.0,49.0
1igtB3.pdb,6oawA3.pdb,0.825,3.14,0.036000000000000004,0.1532,41.76,3776.0,test_proteome_1,0.2877,0.2595,4.99,0.037,0.031,0.065,108.0,128.0,62.0
1igtB3.pdb,3gawA12.pdb,0.537,3.4,0.0282,0.0704,49.43,2450.0,test_proteome_1,0.2875,0.4245,3.2,0.009,0.017,0.022,108.0,60.0,45.0
1igtB3.pdb,3aawA.pdb,0.75,2.58,0.08109999999999999,0.17120000000000002,69.79,11614.0,test_proteome_1,0.4661,0.1649,3.76,0.056,0.016,0.078,108.0,387.0,77.0
1igtB3.pdb,4qawA2.pdb,0.35,3.11,0.0308,0.09230000000000001,73.13,6243.0,test_proteome_1,0.3876,0.322,4.89,0.028,0.021,0.038,108.0,143.0,78.0
1igtB3.pdb,1iawA1.pdb,0.184,3.18,0.026699999999999998,0.1333,76.63,4889.0,test_proteome_1,0.3525,0.2505,5.11,0.065,0.038,0.09,108.0,184.0,78.0
1igtB3.pdb,3nawA.pdb,0.967,3.23,0.0408,0.09179999999999999,47.44,15026.0,test_proteome_1,0.3203,0.0898,4.94,0.019,0.003,0.029,108.0,607.0,69.0
1igtB3.pdb,6kawA2.pdb,0.132,3.17,0.047599999999999996,0.0635,88.7,7256.0,test_proteome_1,0.3486,0.2681,5.23,0.019,0.012,0.026,108.0,164.0,77.0
1igtB3.pdb,6hawA.pdb,0.47,3.07,0.051500000000000004,0.1753,68.52,10662.0,test_proteome_1,0.4997,0.165,3.96,0.056,0.014,0.068,108.0,438.0,88.0
1igtB3.pdb,3gawA9.pdb,0.208,3.19,0.0227,0.0795,45.12,2493.0,test_proteome_1,0.2645,0.3668,3.71,0.019,0.033,0.043,108.0,60.0,47.0
1igtB3.pdb,3gawA8.pdb,0.14,3.04,0.012199999999999999,0.1341,48.34,2396.0,test_proteome_1,0.2835,0.3825,3.67,0.009,0.016,0.02,108.0,63.0,50.0
1igtB3.pdb,2mawA.pdb,0.936,3.26,0.047599999999999996,0.09519999999999999,28.44,1877.0,test_proteome_1,0.3151,0.2751,4.49,0.065,0.052,0.111,108.0,134.0,63.0
1igtB3.pdb,7wawA.pdb,0.998,3.39,0.0435,0.087,23.09,5524.0,test_proteome_1,0.337,0.1132,5.33,0.028,0.006,0.039,108.0,496.0,76.0
1igtB3.pdb,6rawA.pdb,0.958,2.68,0.0519,0.1039,51.91,13431.0,test_proteome_1,0.376,0.1023,3.96,0.046,0.009,0.076,108.0,542.0,66.0
1igtB3.pdb,3aawA3.pdb,0.0509,3.1,0.050499999999999996,0.17170000000000002,57.23,2107.0,test_proteome_1,0.4431,0.5261,3.1,0.028,0.035,0.044,108.0,85.0,68.0
1igtB3.pdb,4qawA.pdb,0.58,3.08,0.053899999999999997,0.10289999999999999,87.32,19770.0,test_proteome_1,0.4197,0.116,4.29,0.083,0.017,0.118,108.0,537.0,76.0
1igtB3.pdb,2b3oA1.pdb,0.36,2.79,0.0333,0.0833,69.67,6784.0,test_proteome_2,0.2541,0.1664,5.28,0.037,0.019,0.069,108.0,210.0,58.0
1igtB3.pdb,2b3oA2.pdb,0.528,3.08,0.0345,0.1241,87.41,9009.0,test_proteome_2,0.3517,0.1721,4.9,0.028,0.01,0.042,108.0,294.0,72.0
1igtB3.pdb,6b3oA.pdb,0.879,3.62,0.09380000000000001,0.1875,52.97,9784.0,test_proteome_2,0.3194,0.1244,3.62,0.019,0.006,0.038,108.0,344.0,52.0
1igtB3.pdb,2b3oA.pdb,0.807,3.08,0.0345,0.1241,87.41,16442.0,test_proteome_2,0.3517,0.1107,4.9,0.028,0.006,0.042,108.0,504.0,72.0
